transacao_id,conta_id,cartao_id,tipo_transacao,valor,moeda,descricao,estabelecimento,cidade,status_transacao,data_hora_transacao,data_processamento,ingestion_at,source_batch,late_arriving_flag,device_id,ip_origem
59c2af8a-08d5-4122-ad73-5a2e04b3e4ef,1075,,BOLETO,12713.14,BRL,Quod numquam voluptas esse architecto vero.,,Azevedo,APROVADA,2026-04-17T11:06:33,2026-07-25T11:29:33,2026-07-25T23:29:53,batch_003,True,,
c5b5a7dd-10a7-4a65-8629-b62cccaf488d,1164,,BOLETO,7298.67,BRL,Enim modi voluptatem laborum placeat nesciunt.,,da Costa,APROVADA,2026-04-22T02:28:11,2026-07-23T03:44:11,2026-07-25T23:29:53,batch_003,True,,
9e9b11c6-23fe-4122-8cda-11212593c565,206,,SAQUE,2773.22,BRL,Officia deserunt perferendis.,,Moraes,APROVADA,2026-06-13T04:10:18,2026-07-21T07:05:18,2026-07-25T23:29:53,batch_003,True,,
2ac4b9be-bfcf-4c26-9131-bdad922883f7,266,,SAQUE,18862.9,BRL,Commodi repellendus voluptates fugit labore.,,Freitas do Galho,APROVADA,2026-05-15T21:14:07,2026-07-20T21:29:07,2026-07-25T23:29:53,batch_003,True,,
b9426f98-23a5-4681-a54e-6f555bea5491,280,,BOLETO,19571.8,BRL,Ipsam animi vero corrupti quia.,,Garcia,APROVADA,2026-04-20T00:16:49,2026-07-21T02:29:49,2026-07-25T23:29:53,batch_003,True,,
0d386d25-38ba-454b-ae8d-0b0d8e76c59e,965,,SAQUE,13871.05,BRL,Ullam et nemo magnam odio fuga.,,Lima de Correia,APROVADA,2026-05-12T10:48:41,2026-07-19T13:08:41,2026-07-25T23:29:53,batch_003,True,,
d9674e5c-ec5b-45fe-99a2-f775c0465469,1161,,SAQUE,7224.8,BRL,Placeat in doloremque.,,Marques de Castro,APROVADA,2026-04-30T19:02:54,2026-07-20T20:43:54,2026-07-25T23:29:53,batch_003,True,,
a3ddcdab-d427-4ae3-9b18-cd7eb19f12d1,686,,SAQUE,12127.94,BRL,Voluptates soluta harum quibusdam consequatur.,,da Mata das Pedras,APROVADA,2026-05-02T08:17:23,2026-07-22T08:38:23,2026-07-25T23:29:53,batch_003,True,,
1e3b00f3-5a0f-462b-949b-bef5eb8f7326,960,171.0,CARTAO,14581.79,BRL,Molestiae enim dolores optio optio magni.,das Neves e Filhos,Rodrigues,APROVADA,2026-05-15T12:30:18,2026-07-22T14:33:18,2026-07-25T23:29:53,batch_003,True,,
8fa0482f-6c39-4e58-965c-a94b211deaef,896,,BOLETO,15269.42,BRL,Eius eligendi sapiente vel.,,da Cunha,APROVADA,2026-04-16T21:56:44,2026-07-25T23:05:44,2026-07-25T23:29:53,batch_003,True,,
e1a840a0-c5aa-43ba-9b25-62c026d73daf,913,,BOLETO,17596.43,BRL,Dicta odit rem.,,Sá dos Dourados,APROVADA,2026-04-28T03:03:57,2026-07-24T05:02:57,2026-07-25T23:29:53,batch_003,True,,
72695069-89dd-46e5-a13c-bd9dd6fba801,699,,TED,16168.93,BRL,Maxime odit officiis quae.,,Silva,APROVADA,2026-06-10T10:54:23,2026-07-19T12:07:23,2026-07-25T23:29:53,batch_003,True,,
392e3167-29ec-4a6c-9b22-085cf87f667e,519,,CARTAO,9359.16,BRL,Placeat earum autem ad.,Montenegro S/A,Pinto da Praia,APROVADA,2026-05-14T10:42:13,2026-07-23T11:47:13,2026-07-25T23:29:53,batch_003,True,,
48bb02aa-4b4f-48e7-9543-25b4e7a79149,547,,PIX,19775.98,BRL,At perferendis expedita earum.,,Martins,APROVADA,2026-05-21T01:22:24,2026-07-22T01:56:24,2026-07-25T23:29:53,batch_003,True,,
96f97a22-c947-4735-a3b2-fc447acd19e2,693,,SAQUE,3208.57,BRL,Perspiciatis expedita cupiditate odit quae deserunt.,,Macedo da Prata,APROVADA,2026-06-06T17:54:14,2026-07-22T20:38:14,2026-07-25T23:29:53,batch_003,True,,
13995770-9127-4838-9cec-441e3eb0f917,433,,BOLETO,6307.89,BRL,Voluptate quibusdam temporibus excepturi.,,da Cunha Alegre,APROVADA,2026-06-03T19:47:19,2026-07-19T21:55:19,2026-07-25T23:29:53,batch_003,True,,
cf3dd750-ea8b-4d86-bc62-ea05cb85f591,553,810.0,CARTAO,9640.76,BRL,Est voluptatem ex minus accusamus.,Caldeira - ME,Aparecida,APROVADA,2026-04-02T10:25:01,2026-07-25T12:05:01,2026-07-25T23:29:53,batch_003,True,,
8b26a88b-78c9-403e-bbd0-029008fb1982,625,233.0,CARTAO,10373.98,BRL,Ab cum vel nostrum ipsam.,Gonçalves Moraes Ltda.,Moreira,APROVADA,2026-06-08T17:58:10,2026-07-24T18:53:10,2026-07-25T23:29:53,batch_003,True,,
c46a9704-a66c-40ba-a291-8a3e2ae82269,325,439.0,CARTAO,9632.2,BRL,Atque facere est necessitatibus et.,da Paz da Paz Ltda.,da Costa Verde,APROVADA,2026-06-15T23:15:43,2026-07-25T00:42:43,2026-07-25T23:29:53,batch_003,True,,
5607b010-12f3-4d08-919d-f4ba58b1046c,755,,BOLETO,5629.06,BRL,Unde vel autem.,,Aparecida,APROVADA,2026-04-25T07:03:58,2026-07-20T09:45:58,2026-07-25T23:29:53,batch_003,True,,
3cfa09e1-13e3-4033-8a16-5bc059ca15f7,501,,PIX,18350.32,BRL,Doloremque ad iusto vel odit harum.,,Nogueira,APROVADA,2026-05-03T06:17:21,2026-07-22T06:20:21,2026-07-25T23:29:53,batch_003,True,,
a5101cd3-d933-4250-bf04-9c5a09a56b20,901,,SAQUE,7613.07,BRL,Maxime soluta nulla.,,Cardoso do Galho,APROVADA,2026-04-01T03:39:33,2026-07-23T05:52:33,2026-07-25T23:29:53,batch_003,True,,
8d8b7e0a-dc03-4ad1-8024-ca80d184290e,682,,TED,18684.61,BRL,Consequuntur dolorem tempora.,,Câmara,APROVADA,2026-05-08T19:13:33,2026-07-21T22:03:33,2026-07-25T23:29:53,batch_003,True,,
dd9771a9-cc10-4840-ad7a-ee73161998da,824,,BOLETO,18609.75,BRL,Molestiae asperiores dolores eaque.,,Siqueira,APROVADA,2026-04-30T02:59:02,2026-07-25T03:26:02,2026-07-25T23:29:53,batch_003,True,,
c77f9d96-0346-43d9-95c5-3d89b09e0fd9,481,,PIX,15767.73,BRL,Voluptatibus facilis ea facilis officia sint.,,Abreu do Norte,APROVADA,2026-06-09T23:18:22,2026-07-20T00:13:22,2026-07-25T23:29:53,batch_003,True,,
18664f96-8d5d-4cd1-baa5-1dad3e5cc3ea,796,,PIX,17458.11,BRL,Velit pariatur quod accusantium praesentium.,,Abreu,APROVADA,2026-05-20T09:58:53,2026-07-24T10:53:53,2026-07-25T23:29:53,batch_003,True,,
6cf1bef8-009f-4c48-b818-e904fbbd5f0d,219,,BOLETO,6941.58,BRL,Odio dolor facere suscipit temporibus facere.,,Dias Verde,APROVADA,2026-04-09T05:06:22,2026-07-21T05:17:22,2026-07-25T23:29:53,batch_003,True,,
1bb40f61-0985-413a-ab5b-9dbdc9eb5863,957,,SAQUE,1768.83,BRL,Labore debitis recusandae pariatur.,,Araújo,APROVADA,2026-06-08T08:03:35,2026-07-25T09:12:35,2026-07-25T23:29:53,batch_003,True,,
c7f56d19-c9f9-4f11-97aa-7c4afb99967d,413,,SAQUE,13222.59,BRL,Aliquid expedita nulla deleniti esse.,,Moura da Praia,APROVADA,2026-05-20T04:56:24,2026-07-24T05:17:24,2026-07-25T23:29:53,batch_003,True,,
bd48a28f-fa96-4319-9764-e6308001d2ef,615,,SAQUE,16536.31,BRL,Eos pariatur provident voluptas.,,Cunha,APROVADA,2026-04-18T08:05:40,2026-07-25T09:55:40,2026-07-25T23:29:53,batch_003,True,,
033aa3c4-21be-4998-8077-62e999e3b21e,1116,,PIX,8530.87,BRL,Tempora enim nostrum labore.,,Gomes da Serra,APROVADA,2026-04-20T11:47:42,2026-07-23T13:49:42,2026-07-25T23:29:53,batch_003,True,,
824fba95-fdbd-487d-b69b-abe8a1f593b8,347,,CARTAO,6816.93,BRL,Minus tempore ducimus nobis quam accusamus.,Pastor,Sales,APROVADA,2026-05-09T12:06:34,2026-07-24T14:15:34,2026-07-25T23:29:53,batch_003,True,,
5e2b30b1-0ee6-4ddf-8373-246d6eecf7e0,129,,CARTAO,7330.48,BRL,Similique cum officia.,Jesus Marques S.A.,Fernandes,APROVADA,2026-05-24T22:54:24,2026-07-24T23:56:24,2026-07-25T23:29:53,batch_003,True,,
17418304-158c-4b28-90bd-41ae9fb39de2,369,,BOLETO,19113.19,BRL,Temporibus repellendus nostrum sapiente.,,Fogaça,APROVADA,2026-06-15T10:37:16,2026-07-19T11:35:16,2026-07-25T23:29:53,batch_003,True,,
8fc4edab-fa0a-4c5c-85cd-1f8bd2c2a747,748,,BOLETO,11942.22,BRL,Corrupti rerum beatae expedita.,,Câmara,APROVADA,2026-03-25T02:58:23,2026-07-22T04:29:23,2026-07-25T23:29:53,batch_003,True,,
83145329-2435-4c50-800b-fc55b042e220,420,,PIX,9629.52,BRL,Quis odio distinctio.,,Martins da Prata,APROVADA,2026-05-26T19:02:24,2026-07-24T19:18:24,2026-07-25T23:29:53,batch_003,True,,
5ee48f74-beae-4191-acee-b0dc8646890c,130,,CARTAO,5919.34,BRL,Reiciendis consequuntur delectus.,Câmara - ME,Silveira de Lopes,APROVADA,2026-04-14T12:55:53,2026-07-24T13:31:53,2026-07-25T23:29:53,batch_003,True,,
6289ef21-dfa1-4742-adc4-1c20752bd5f9,1068,,BOLETO,5119.26,BRL,Itaque laborum magni distinctio.,,Souza,APROVADA,2026-04-19T13:03:13,2026-07-20T15:06:13,2026-07-25T23:29:53,batch_003,True,,
efd38088-1baf-46c2-9c15-7d91a317188a,1133,,SAQUE,3889.69,BRL,Dolorem eum veniam dicta repellat.,,Marques,APROVADA,2026-06-16T21:54:29,2026-07-25T22:31:29,2026-07-25T23:29:53,batch_003,True,,
92d7fd9f-019a-4396-9d49-79b4fdd2d25b,392,343.0,CARTAO,13165.97,BRL,Doloremque totam quis fuga.,Pinto Moura S.A.,Alves Verde,APROVADA,2026-04-18T22:30:18,2026-07-21T23:30:18,2026-07-25T23:29:53,batch_003,True,,
4f179d68-c4c2-4757-bbdb-1e89baa70adb,561,895.0,CARTAO,15544.93,BRL,Veritatis rem ipsa.,Duarte,Camargo da Prata,APROVADA,2026-05-16T21:04:46,2026-07-19T23:15:46,2026-07-25T23:29:53,batch_003,True,,
0bede02d-4b97-4b36-a419-f332e0610a6b,188,,TED,19253.55,BRL,Amet officia ex ipsum tempora et.,,Barros do Sul,APROVADA,2026-05-03T23:40:22,2026-07-25T01:29:22,2026-07-25T23:29:53,batch_003,True,,
ad2f5e94-a77d-4215-b4fc-ffbe609a6991,1096,,PIX,6782.56,BRL,Sunt amet assumenda totam est.,,Dias da Praia,APROVADA,2026-03-26T09:15:59,2026-07-22T10:44:59,2026-07-25T23:29:53,batch_003,True,,
bd49e866-e2cf-4821-9c2a-0d8a4bf7bf7d,815,,CARTAO,17411.95,BRL,Minima minima vitae.,Ribeiro,Sousa,APROVADA,2026-06-03T23:49:28,2026-07-21T01:50:28,2026-07-25T23:29:53,batch_003,True,,
fe5f8b35-1d47-431d-bb2b-c61c98ff34ef,1055,,SAQUE,18857.19,BRL,Corrupti ipsa repellendus repellendus illo.,,da Paz Alegre,APROVADA,2026-04-25T03:14:20,2026-07-21T05:04:20,2026-07-25T23:29:53,batch_003,True,,
3499c981-0a84-4d27-b43b-032ab76bbb04,680,,SAQUE,10647.36,BRL,Earum eum sed ullam consequatur distinctio.,,Freitas,APROVADA,2026-05-20T21:03:45,2026-07-21T23:09:45,2026-07-25T23:29:53,batch_003,True,,
f8932f1d-ca40-4df8-84aa-7b303a4eac5c,17,,SAQUE,11173.27,BRL,Corrupti ut nihil asperiores.,,Nogueira da Mata,APROVADA,2026-06-08T14:07:22,2026-07-24T14:39:22,2026-07-25T23:29:53,batch_003,True,,
dbe4766c-fcfb-49e3-9ee5-f7d867aecf43,488,,TED,7819.96,BRL,Labore saepe dolore corrupti error.,,Sousa,APROVADA,2026-05-26T12:58:44,2026-07-24T15:38:44,2026-07-25T23:29:53,batch_003,True,,
aebf8b26-eb73-42b7-ad54-6aab6c520ea3,429,,PIX,5044.71,BRL,Maxime impedit corrupti fugit eaque.,,da Conceição,APROVADA,2026-04-09T21:48:59,2026-07-25T00:17:59,2026-07-25T23:29:53,batch_003,True,,
81a9af4d-1e11-4469-9c64-921049f37d4d,1151,,BOLETO,148.7,BRL,Quisquam quo dolorem pariatur repellendus nam.,,Ribeiro do Sul,APROVADA,2026-05-10T14:47:13,2026-07-25T17:13:13,2026-07-25T23:29:53,batch_003,True,,
081d773c-b7f0-40e5-b4b2-8aea9acb3614,140,,SAQUE,7619.44,BRL,Doloribus aut deleniti accusantium aliquid.,,Leão do Oeste,APROVADA,2026-04-17T00:24:45,2026-07-23T03:08:45,2026-07-25T23:29:53,batch_003,True,,
9d4ec30b-1c12-4dab-b62c-213439aa3957,1065,,BOLETO,12722.34,BRL,Ut ex provident velit quis.,,das Neves de Borges,APROVADA,2026-06-08T16:42:56,2026-07-22T18:24:56,2026-07-25T23:29:53,batch_003,True,,
f87a45c8-61cb-44b6-88d1-8af4831b31c8,810,,PIX,12376.49,BRL,Ipsa assumenda quo.,,Abreu da Mata,APROVADA,2026-05-11T16:01:14,2026-07-20T17:46:14,2026-07-25T23:29:53,batch_003,True,,
4eab510c-7897-43a5-84c2-f3b92d8ca432,136,863.0,CARTAO,18512.9,BRL,Laudantium optio nihil libero.,Cavalcante,Casa Grande da Prata,APROVADA,2026-05-14T01:54:04,2026-07-24T02:10:04,2026-07-25T23:29:53,batch_003,True,,
d4e0d869-9bd9-4278-9954-3466648b2f31,1103,,BOLETO,10301.66,BRL,Neque veritatis nihil veniam.,,Fonseca de Mendes,APROVADA,2026-04-23T01:01:25,2026-07-25T02:49:25,2026-07-25T23:29:53,batch_003,True,,
cceb4ef2-d388-46d3-b938-12b49f559d14,292,841.0,CARTAO,16043.0,BRL,Officiis ratione non nam quas.,da Mota,Alves,APROVADA,2026-06-05T23:12:32,2026-07-24T01:13:32,2026-07-25T23:29:53,batch_003,True,,
1fb99b82-301e-437e-bea9-8ba9148100f6,41,,BOLETO,10189.64,BRL,Provident facere ea ipsa.,,Sá,APROVADA,2026-06-20T08:56:00,2026-07-20T09:42:00,2026-07-25T23:29:53,batch_003,True,,
5ef99cf7-67df-4015-bef8-8e6fc7021f8f,729,,BOLETO,19005.55,BRL,Dolor sapiente illo aut.,,Aragão,PENDENTE,2026-06-14T23:10:17,2026-07-25T00:28:17,2026-07-25T23:29:53,batch_003,True,,
6fca3ab0-2d4f-423c-94c2-f54e802a0d3a,54,,BOLETO,13157.75,BRL,Quas aperiam maxime quo.,,das Neves Paulista,APROVADA,2026-04-30T16:19:26,2026-07-20T18:56:26,2026-07-25T23:29:53,batch_003,True,,
0f0c17df-50bc-43d0-b692-90ada33b1121,1090,,BOLETO,4457.27,BRL,Eaque explicabo veniam voluptatibus est ratione.,,Alves,APROVADA,2026-03-31T23:39:59,2026-07-21T00:55:59,2026-07-25T23:29:53,batch_003,True,,
cc1a12aa-f144-4b40-9f74-aaedb0d7d27a,828,,BOLETO,16726.68,BRL,Molestiae harum similique incidunt tempora porro.,,Pastor,APROVADA,2026-03-26T09:32:55,2026-07-21T12:09:55,2026-07-25T23:29:53,batch_003,True,,
0d5364d2-d7fb-43f1-8124-e7ff58b0148d,20,,SAQUE,7199.65,BRL,Fugiat error minima.,,Casa Grande dos Dourados,APROVADA,2026-03-24T05:51:17,2026-07-20T06:23:17,2026-07-25T23:29:53,batch_003,True,,
0ca750e7-a5d2-44a4-bf3a-93f9c3cfe66e,625,233.0,CARTAO,17196.72,BRL,Fuga cupiditate voluptas repellat.,Vieira da Luz e Filhos,Montenegro do Norte,APROVADA,2026-05-02T06:27:26,2026-07-22T07:38:26,2026-07-25T23:29:53,batch_003,True,,
b1a6c826-c913-4ca8-b225-9c1114b9e6d3,181,,SAQUE,8420.8,BRL,Commodi iste omnis.,,Leão de Fogaça,APROVADA,2026-05-02T19:38:58,2026-07-19T20:43:58,2026-07-25T23:29:53,batch_003,True,,
b2c64c6e-2467-4e13-863c-426702083b78,512,,SAQUE,5363.15,BRL,Aperiam accusantium soluta.,,Ferreira,APROVADA,2026-04-12T15:16:38,2026-07-24T16:20:38,2026-07-25T23:29:53,batch_003,True,,
7609bd16-6c45-4a8e-83cf-cc0862e9990e,1122,,BOLETO,8095.73,BRL,Quaerat maiores sint tempore fugiat rem.,,Oliveira,APROVADA,2026-04-04T19:49:36,2026-07-23T20:32:36,2026-07-25T23:29:53,batch_003,True,,
11325b69-b87f-42cd-babb-dbac016b9bc9,97,,BOLETO,988.07,BRL,Quasi repudiandae rem.,,Fernandes do Norte,APROVADA,2026-03-25T21:13:24,2026-07-20T22:25:24,2026-07-25T23:29:53,batch_003,True,,
8e19a148-a043-4030-97da-f1bb14d1d3f1,816,614.0,CARTAO,9382.5,BRL,Repellendus explicabo exercitationem cumque officiis.,Nogueira,Vasconcelos,APROVADA,2026-04-21T13:14:17,2026-07-24T14:40:17,2026-07-25T23:29:53,batch_003,True,,
a94cf64d-9130-4a73-a7ac-bda88b92e5da,1145,574.0,CARTAO,7056.16,BRL,Eius debitis harum iusto blanditiis.,Moura Ltda.,Silveira,APROVADA,2026-04-25T19:09:05,2026-07-21T19:34:05,2026-07-25T23:29:53,batch_003,True,,
c26f3021-06a3-4803-a9bf-99421e0313ec,40,,TED,8387.98,BRL,Deserunt distinctio hic aliquid corporis.,,Sousa,APROVADA,2026-05-22T09:14:33,2026-07-19T11:11:33,2026-07-25T23:29:53,batch_003,True,,
8fe174fc-584d-4f80-a406-d096702fb82a,1101,,PIX,7130.31,BRL,Cum neque doloremque suscipit sint nesciunt.,,Oliveira do Sul,APROVADA,2026-05-25T11:32:29,2026-07-22T11:45:29,2026-07-25T23:29:53,batch_003,True,,
880b238c-bf25-4d80-8823-5856d7cd40c6,453,,PIX,8022.24,BRL,Molestiae earum veritatis doloremque.,,Pimenta Paulista,APROVADA,2026-06-01T00:50:55,2026-07-21T02:34:55,2026-07-25T23:29:53,batch_003,True,,
d9f2b794-e349-4e7a-88cf-67e071b1e013,152,,CARTAO,7605.62,BRL,Odit esse sequi impedit.,Santos - ME,Gomes do Oeste,NEGADA,2026-03-24T01:16:54,2026-07-20T02:53:54,2026-07-25T23:29:53,batch_003,True,,
62c8f7e1-46f2-471b-8cd8-b2e5072ab4f9,907,,SAQUE,10621.08,BRL,Expedita nulla doloribus voluptas pariatur porro.,,Peixoto,APROVADA,2026-06-07T00:16:37,2026-07-25T00:56:37,2026-07-25T23:29:53,batch_003,True,,
86fa00ca-d39c-4360-a2cf-ef52842bf793,1157,,PIX,561.3,BRL,In eaque reiciendis omnis laboriosam.,,da Luz,APROVADA,2026-06-23T11:45:51,2026-07-23T13:41:51,2026-07-25T23:29:53,batch_003,True,,
6fdd29c3-3de9-4a3a-b144-caf09f4d6110,1169,,PIX,14269.01,BRL,Necessitatibus ad explicabo nulla.,,Vargas do Oeste,APROVADA,2026-05-12T05:04:52,2026-07-23T05:17:52,2026-07-25T23:29:53,batch_003,True,,
bce22994-42b3-449b-955e-b478ecdaaf7e,722,,SAQUE,19977.61,BRL,Voluptatem iusto nam harum.,,Monteiro,NEGADA,2026-05-11T06:40:37,2026-07-19T08:18:37,2026-07-25T23:29:53,batch_003,True,,
41e02379-ac65-4c82-ba17-8840ac3d37b3,113,,BOLETO,18596.64,BRL,Dolores voluptate tempore repellendus ipsa.,,Campos,APROVADA,2026-06-18T23:19:03,2026-07-19T23:20:03,2026-07-25T23:29:53,batch_003,True,,
d7cdd8d7-3f89-463b-9cef-9adc680701df,16,,PIX,18662.49,BRL,Quos eum harum nam.,,Moreira,APROVADA,2026-04-15T11:07:14,2026-07-22T11:43:14,2026-07-25T23:29:53,batch_003,True,,
9765bf11-b31a-4b87-9dac-2a03c929eb5f,529,34.0,CARTAO,8920.98,BRL,Vitae eligendi veniam consectetur velit.,Araújo,Martins,APROVADA,2026-03-28T07:42:20,2026-07-25T08:31:20,2026-07-25T23:29:53,batch_003,True,,
c631c35f-3378-4ba3-9cbe-da2dbd6be510,116,,PIX,19.34,BRL,Voluptas doloribus fugiat sit nemo tempore.,,Pires,APROVADA,2026-05-23T12:35:01,2026-07-19T14:03:01,2026-07-25T23:29:53,batch_003,True,,
fd019e7b-0d2d-4f9b-b41e-494f61509c9c,490,,CARTAO,10766.46,BRL,Dolorum recusandae doloremque id nostrum maiores.,Almeida,Camargo de Minas,APROVADA,2026-04-07T16:42:32,2026-07-23T18:52:32,2026-07-25T23:29:53,batch_003,True,,
00f51a70-73d7-4761-b56f-fdf84e2aadb9,3,11.0,CARTAO,8580.76,BRL,Asperiores ex voluptates.,Montenegro,Moraes do Galho,APROVADA,2026-06-04T10:53:56,2026-07-20T12:52:56,2026-07-25T23:29:53,batch_003,True,,
dc42f566-42a1-4114-b690-312e831d930f,954,736.0,CARTAO,9291.69,BRL,Reprehenderit ab sint voluptatibus quo dolore.,Gonçalves,Monteiro do Norte,APROVADA,2026-06-01T11:09:34,2026-07-22T12:12:34,2026-07-25T23:29:53,batch_003,True,,
3c71c71e-27c3-4640-8471-0b49d6e53d61,466,,BOLETO,15193.44,BRL,Alias dicta alias molestiae voluptate.,,da Conceição da Mata,APROVADA,2026-05-26T18:51:26,2026-07-19T21:01:26,2026-07-25T23:29:53,batch_003,True,,
4bddbb0c-e6df-4078-8eb4-0a6903e34d79,461,,SAQUE,2190.94,BRL,Explicabo excepturi libero.,,Andrade,APROVADA,2026-04-17T00:56:47,2026-07-25T03:35:47,2026-07-25T23:29:53,batch_003,True,,
6b6f0dd6-2abf-4ce1-8086-06387f79a476,281,,PIX,8577.94,BRL,Aliquam at nulla.,,Vasconcelos,APROVADA,2026-06-17T18:57:35,2026-07-19T21:49:35,2026-07-25T23:29:53,batch_003,True,,
bcf93c1e-7eb9-4b61-97d9-0b9318c70bd2,154,,PIX,3385.93,BRL,Quis harum excepturi assumenda facilis iure.,,da Rocha do Sul,APROVADA,2026-06-10T00:53:58,2026-07-19T02:15:58,2026-07-25T23:29:53,batch_003,True,,
7d71fe09-6c4f-44f0-9b70-2e3169e7ed53,595,,BOLETO,8532.22,BRL,At dolorem magnam dolor earum quod.,,Lima,APROVADA,2026-06-06T15:12:58,2026-07-21T16:28:58,2026-07-25T23:29:53,batch_003,True,,
c400563b-f0c8-4f4a-ba2c-56480011adf2,635,,PIX,10798.25,BRL,Quasi corporis quia explicabo aliquid adipisci.,,da Mata Grande,APROVADA,2026-06-07T13:29:29,2026-07-19T14:29:29,2026-07-25T23:29:53,batch_003,True,,
ec7ee276-0972-4b14-8e40-cdb4d51bd087,1137,,TED,13499.52,BRL,Ex voluptatem dolore.,,Fernandes,PENDENTE,2026-05-06T12:48:25,2026-07-25T15:35:25,2026-07-25T23:29:53,batch_003,True,,
0a20ca7b-059d-4886-8d03-bbc6b166c5a2,535,,PIX,8473.14,BRL,Tempore harum occaecati minus corporis.,,Pimenta Alegre,APROVADA,2026-04-16T14:51:29,2026-07-23T15:00:29,2026-07-25T23:29:53,batch_003,True,,
48e4bc68-ced6-4444-a68e-3a1d252a527f,374,460.0,CARTAO,17897.46,BRL,A error at.,Moreira e Filhos,Pires do Oeste,APROVADA,2026-04-18T00:30:51,2026-07-21T01:52:51,2026-07-25T23:29:53,batch_003,True,,
eb9cd876-6f5c-4a5b-8480-9c778d6a9a09,1044,,BOLETO,15792.24,BRL,Impedit corrupti numquam.,,Pastor da Mata,APROVADA,2026-06-13T05:26:37,2026-07-19T07:03:37,2026-07-25T23:29:53,batch_003,True,,
81706187-3656-4566-a7e4-03eda2f54e8c,471,,SAQUE,13389.22,BRL,Quas dolores veritatis eveniet earum.,,Rios,NEGADA,2026-04-02T00:35:23,2026-07-22T02:11:23,2026-07-25T23:29:53,batch_003,True,,
1d0f0a91-5c0a-4591-b47d-c560a8f19c2f,708,,BOLETO,6025.95,BRL,Eos ipsa possimus.,,Abreu,NEGADA,2026-05-17T01:00:04,2026-07-25T01:08:04,2026-07-25T23:29:53,batch_003,True,,
939f7d5e-610b-448e-817e-3bcec38d0370,421,816.0,CARTAO,293.85,BRL,Aliquid quam iure.,Pereira,Moraes das Flores,APROVADA,2026-04-30T06:00:28,2026-07-20T08:07:28,2026-07-25T23:29:53,batch_003,True,,
6f4784c0-4dbb-4824-8c89-a30ea2113d9e,911,,CARTAO,3609.72,BRL,Repellendus eaque unde repellendus.,Ribeiro Carvalho Ltda.,Guerra,APROVADA,2026-06-08T22:33:08,2026-07-24T22:57:08,2026-07-25T23:29:53,batch_003,True,,
f639afcd-6862-46b8-ba86-7b153b6c254c,32,,SAQUE,4320.02,BRL,Doloremque nostrum occaecati quod placeat repudiandae.,,Rios,APROVADA,2026-05-21T16:17:50,2026-07-25T19:15:50,2026-07-25T23:29:53,batch_003,True,,
d71ba836-226c-469f-920b-fefdee37c64b,601,,PIX,2497.59,BRL,Error qui nulla sit dolore.,,Fonseca,APROVADA,2026-03-31T17:50:11,2026-07-19T17:54:11,2026-07-25T23:29:53,batch_003,True,,
c9fea974-ced6-4988-b979-a15147a02514,67,,BOLETO,16862.49,BRL,Dolores voluptatibus iure exercitationem.,,Gonçalves das Pedras,APROVADA,2026-05-30T23:51:35,2026-07-20T02:28:35,2026-07-25T23:29:53,batch_003,True,,
077b3ff1-866e-48d8-b123-40243694bca6,559,,CARTAO,1026.31,BRL,Quaerat similique temporibus.,Cardoso Vasconcelos - EI,Correia de Siqueira,APROVADA,2026-03-30T19:42:15,2026-07-24T19:43:15,2026-07-25T23:29:53,batch_003,True,,
e4a7e86b-2a28-469b-9d1e-1278f9226c78,651,,SAQUE,3404.93,BRL,Optio laborum nisi error illum.,,Oliveira Alegre,APROVADA,2026-04-03T08:22:27,2026-07-21T09:10:27,2026-07-25T23:29:53,batch_003,True,,
98ea224b-1033-4fe8-aa10-cad8f3e204ad,899,,CARTAO,8066.77,BRL,Autem alias tenetur vel perspiciatis perspiciatis.,Jesus Novais - EI,das Neves,APROVADA,2026-03-28T11:53:43,2026-07-24T12:36:43,2026-07-25T23:29:53,batch_003,True,,
019ae29a-2187-4d25-a865-23ce78492fcb,902,,PIX,18806.13,BRL,Optio quasi ducimus eveniet voluptatum corporis.,,Fernandes das Flores,APROVADA,2026-06-13T00:24:51,2026-07-21T01:07:51,2026-07-25T23:29:53,batch_003,True,,
766c8d25-86cd-4c4b-ab9e-2db45a3bb23c,447,,BOLETO,7091.76,BRL,Commodi dolores asperiores facere iure.,,Ribeiro de Minas,APROVADA,2026-05-14T19:18:51,2026-07-24T19:33:51,2026-07-25T23:29:53,batch_003,True,,
e066d54a-2150-4b47-82d1-aa6517eec1ec,92,,BOLETO,12893.05,BRL,Dignissimos possimus enim nam repellendus debitis.,,Rios,APROVADA,2026-04-15T09:27:40,2026-07-23T12:02:40,2026-07-25T23:29:53,batch_003,True,,
183679ec-702b-4254-9dde-0db3499de4f1,176,,CARTAO,11035.58,BRL,Porro molestias earum debitis quaerat corrupti.,Cavalcante,Silva,APROVADA,2026-04-09T11:43:26,2026-07-23T14:32:26,2026-07-25T23:29:53,batch_003,True,,
51fb2101-99c7-45f7-a246-a81e03777ec8,625,,SAQUE,16497.18,BRL,Quos iusto nostrum temporibus incidunt eos.,,Santos,APROVADA,2026-05-16T23:11:09,2026-07-25T23:58:09,2026-07-25T23:29:53,batch_003,True,,
8c8423b3-d05d-4910-91e4-2a24996a7227,1138,,BOLETO,5205.62,BRL,Doloribus odit ab.,,Vasconcelos do Oeste,APROVADA,2026-04-03T20:28:42,2026-07-25T20:50:42,2026-07-25T23:29:53,batch_003,True,,
c665de95-90a9-40f6-ac3a-db917562c093,459,,SAQUE,8969.17,BRL,Quisquam quae veritatis repellendus dolorum illum.,,Souza de Goiás,APROVADA,2026-04-07T23:13:50,2026-07-26T00:43:50,2026-07-25T23:29:53,batch_003,True,,
a08808a8-85df-4f80-9921-c08882d1630c,105,,TED,12898.98,BRL,Vel cupiditate assumenda ratione dolorem tempora.,,Ribeiro da Praia,APROVADA,2026-05-15T08:35:06,2026-07-20T10:37:06,2026-07-25T23:29:53,batch_003,True,,
58216d38-80d4-4aad-8242-6b14589cf010,494,,SAQUE,14481.24,BRL,Ratione aliquam id numquam voluptatibus.,,Camargo,APROVADA,2026-06-23T05:49:46,2026-07-25T06:31:46,2026-07-25T23:29:53,batch_003,True,,
b2a581dc-6018-4ab5-a7c8-3a1acb9fb715,1011,,TED,1973.41,BRL,Cupiditate facere eaque.,,Viana de Minas,NEGADA,2026-06-20T15:59:45,2026-07-24T16:22:45,2026-07-25T23:29:53,batch_003,True,,
70e1ecba-5c3b-417e-9758-15e97af2941b,619,,SAQUE,16565.48,BRL,Deserunt molestias temporibus.,,Machado,APROVADA,2026-05-26T02:19:48,2026-07-21T02:52:48,2026-07-25T23:29:53,batch_003,True,,
12dcc52e-b1c2-4e46-8d36-b5ec1f3eecd6,937,,SAQUE,4996.52,BRL,Deleniti corporis ut delectus perferendis tempora.,,Ferreira do Sul,APROVADA,2026-06-07T18:37:06,2026-07-21T20:52:06,2026-07-25T23:29:53,batch_003,True,,
bbee6145-0c7c-4271-9044-93a665c43035,925,,TED,17710.86,BRL,Velit eveniet voluptatum.,,Macedo do Amparo,APROVADA,2026-05-28T15:48:42,2026-07-21T17:59:42,2026-07-25T23:29:53,batch_003,True,,
e79d6a59-6429-4606-8468-a2505aa79e7b,1070,,PIX,12481.86,BRL,Illo odit totam.,,Gomes,APROVADA,2026-06-22T03:38:43,2026-07-24T03:39:43,2026-07-25T23:29:53,batch_003,True,,
1364c3e6-b35a-422d-aece-ea7cb3107441,765,689.0,CARTAO,4727.69,BRL,Amet consequatur doloremque mollitia provident tempore.,Vasconcelos,Dias,APROVADA,2026-06-01T00:53:53,2026-07-22T01:30:53,2026-07-25T23:29:53,batch_003,True,,
dee994df-28a5-4da3-bb1f-02ba6bf29e7d,485,,PIX,19350.95,BRL,Molestiae unde quibusdam odio vitae.,,Barbosa Alegre,APROVADA,2026-06-16T10:09:54,2026-07-25T10:11:54,2026-07-25T23:29:53,batch_003,True,,
af619c32-70c7-496a-b0e9-30069a5d8388,313,,BOLETO,7849.41,BRL,Fuga adipisci corrupti.,,Moraes,APROVADA,2026-05-30T18:05:09,2026-07-21T18:52:09,2026-07-25T23:29:53,batch_003,True,,
8372a377-edb2-42a0-9aa9-ca9bb9262566,182,,BOLETO,11802.07,BRL,Quos eaque nisi soluta neque unde.,,Brito,APROVADA,2026-04-12T16:16:05,2026-07-22T17:21:05,2026-07-25T23:29:53,batch_003,True,,
c813e9c8-5401-481b-91d6-e4be4134398a,43,,PIX,15365.22,BRL,Cum cumque soluta.,,Dias Verde,APROVADA,2026-06-07T06:49:29,2026-07-21T07:30:29,2026-07-25T23:29:53,batch_003,True,,
24529bb4-eeed-4fa4-b473-88101d2dd0de,233,,CARTAO,14279.85,BRL,Pariatur occaecati officiis.,da Costa - EI,Andrade,APROVADA,2026-05-31T23:41:29,2026-07-21T02:38:29,2026-07-25T23:29:53,batch_003,True,,
138ff0de-4c87-4e3c-b1fa-f9914c888729,472,,PIX,13013.13,BRL,Facilis neque consectetur perferendis.,,Gonçalves,APROVADA,2026-04-30T05:20:53,2026-07-23T05:58:53,2026-07-25T23:29:53,batch_003,True,,
72d578e7-184f-4847-ba32-737e9038ee3f,1083,,SAQUE,10262.42,BRL,Similique quos quas.,,Aragão,PENDENTE,2026-03-28T06:21:49,2026-07-25T07:07:49,2026-07-25T23:29:53,batch_003,True,,
542c0717-166a-4ca5-bd2b-aa124a48273b,961,,PIX,17454.93,BRL,Quos alias minima totam.,,Pacheco,APROVADA,2026-05-22T12:39:34,2026-07-25T15:02:34,2026-07-25T23:29:53,batch_003,True,,
7eec12e1-49dc-4f9a-9b0c-aac679a664ad,890,,BOLETO,13963.4,BRL,Accusantium explicabo sed rerum.,,Jesus dos Dourados,APROVADA,2026-05-06T07:16:13,2026-07-23T07:25:13,2026-07-25T23:29:53,batch_003,True,,
ad33eb15-df34-4578-b5ed-de3fd9daffaf,1028,,PIX,903.84,BRL,Similique placeat voluptates tenetur.,,Cavalcanti,APROVADA,2026-05-04T07:09:26,2026-07-20T07:31:26,2026-07-25T23:29:53,batch_003,True,,
98596e86-bc3b-4c44-a921-e49bc4df8e5d,946,,TED,19827.05,BRL,Vero deleniti cumque ex.,,Carvalho,APROVADA,2026-05-21T12:05:40,2026-07-21T14:36:40,2026-07-25T23:29:53,batch_003,True,,
fd37a6cc-6f6f-4de7-bca3-431411301761,1115,,SAQUE,9186.76,BRL,Veritatis incidunt quis.,,Caldeira da Prata,APROVADA,2026-04-11T07:39:38,2026-07-24T09:55:38,2026-07-25T23:29:53,batch_003,True,,
2583c7ce-c3c1-4d57-b181-6a62fc128bba,746,,SAQUE,1924.61,BRL,Molestias fugiat veritatis ut quas molestiae.,,Rios,APROVADA,2026-05-21T22:59:35,2026-07-25T23:32:35,2026-07-25T23:29:53,batch_003,True,,
de6a5efb-2efd-4773-b420-ec9d32bfb398,653,,SAQUE,3842.14,BRL,Impedit necessitatibus natus.,,Vieira do Campo,APROVADA,2026-06-04T19:19:20,2026-07-23T20:46:20,2026-07-25T23:29:53,batch_003,True,,
ef477dd9-d650-449a-b19a-b7cf173055a5,600,,TED,11766.49,BRL,Ut est sint nisi praesentium nulla.,,Teixeira,APROVADA,2026-05-16T22:30:00,2026-07-24T00:58:00,2026-07-25T23:29:53,batch_003,True,,
b14ce881-e3e4-4f8a-ba66-4e544ecee443,987,,PIX,1060.9,BRL,Fugiat placeat aliquam asperiores sint quo.,,Marques de Ferreira,APROVADA,2026-05-20T06:44:38,2026-07-22T08:22:38,2026-07-25T23:29:53,batch_003,True,,
b7b4ed39-6cd0-47e5-a15a-11acc40d91ef,434,,PIX,9103.29,BRL,Quidem quasi optio necessitatibus ipsum.,,Carvalho de Moura,APROVADA,2026-05-04T12:36:21,2026-07-24T15:13:21,2026-07-25T23:29:53,batch_003,True,,
2aa0d11c-b3da-4c41-88b2-868e146957ae,367,,BOLETO,17484.7,BRL,Incidunt minima molestiae laborum.,,Alves,PENDENTE,2026-06-05T05:57:10,2026-07-25T06:41:10,2026-07-25T23:29:53,batch_003,True,,
4097c2ec-0078-4ef4-9871-5a8f0255421d,178,,TED,3212.93,BRL,Quia tempora voluptate pariatur odit expedita.,,Fernandes de da Mata,APROVADA,2026-04-01T13:24:25,2026-07-24T14:43:25,2026-07-25T23:29:53,batch_003,True,,
6997d172-a438-47b7-9cf2-0a7fdadb27b9,682,,PIX,4942.35,BRL,Numquam neque placeat eius tempora.,,Nascimento,APROVADA,2026-06-02T18:35:06,2026-07-24T20:19:06,2026-07-25T23:29:53,batch_003,True,,
d2345851-de6d-40b2-adfd-4391431050fa,193,,TED,14743.71,BRL,Accusantium soluta eos aperiam.,,Novais,NEGADA,2026-04-25T14:04:25,2026-07-25T16:23:25,2026-07-25T23:29:53,batch_003,True,,
b700cb23-d0be-494f-baf4-8909e79a1b2a,896,78.0,CARTAO,14725.73,BRL,Quisquam exercitationem tempore laborum.,Duarte,Pires,APROVADA,2026-06-02T13:02:28,2026-07-24T14:54:28,2026-07-25T23:29:53,batch_003,True,,
3507c56c-b1fa-4581-ac3d-acf8c6bf67ce,635,,PIX,8596.18,BRL,Occaecati inventore alias illo.,,Silva das Flores,APROVADA,2026-05-19T19:37:57,2026-07-24T22:00:57,2026-07-25T23:29:53,batch_003,True,,
3e9e59da-a07b-4e50-9d96-61126212cc5e,787,,CARTAO,10491.45,BRL,Hic mollitia eos sequi repellat voluptate.,da Mata,Fogaça,APROVADA,2026-04-26T18:28:16,2026-07-22T20:47:16,2026-07-25T23:29:53,batch_003,True,,
8a9792b2-94f1-442e-9e4e-4936ff7213f9,164,,BOLETO,14049.89,BRL,Quibusdam veritatis nulla harum laudantium non eum.,,Santos,APROVADA,2026-04-19T22:37:32,2026-07-21T00:02:32,2026-07-25T23:29:53,batch_003,True,,
dd2331de-07e0-47df-a150-c7cf21a24a84,1195,,PIX,18547.45,BRL,Error culpa aperiam.,,Vasconcelos,APROVADA,2026-04-21T10:22:24,2026-07-20T10:27:24,2026-07-25T23:29:53,batch_003,True,,
c7558fc7-e166-4378-9dac-c96fb8f2434d,1072,,PIX,444.27,BRL,Iure voluptatibus deleniti non quis reiciendis.,,Ferreira de Garcia,APROVADA,2026-05-16T15:35:56,2026-07-21T16:07:56,2026-07-25T23:29:53,batch_003,True,,
1d8b17e6-dec6-431e-b96a-7be1cf9d65da,483,,PIX,3654.04,BRL,Odit dolorum porro minima asperiores.,,da Cunha da Prata,APROVADA,2026-05-14T17:25:20,2026-07-21T17:43:20,2026-07-25T23:29:53,batch_003,True,,
7a56c5c4-59fd-4087-88bc-3bacfced276c,887,,SAQUE,11305.17,BRL,Occaecati iusto quae.,,Porto,PENDENTE,2026-03-26T01:10:48,2026-07-22T03:09:48,2026-07-25T23:29:53,batch_003,True,,
0b037735-60d3-4b71-87a6-c5cba177fd74,459,276.0,CARTAO,2604.27,BRL,Rem earum debitis.,Pimenta e Filhos,da Cruz da Serra,APROVADA,2026-04-09T16:13:40,2026-07-21T16:52:40,2026-07-25T23:29:53,batch_003,True,,
e17a9cb0-d053-4319-97c9-120d3661e7f9,608,,CARTAO,10188.67,BRL,Ducimus deleniti consectetur ratione maiores inventore.,Vargas,da Mota,APROVADA,2026-04-28T17:52:02,2026-07-23T18:38:02,2026-07-25T23:29:53,batch_003,True,,
4455b9cc-4533-4813-aacd-7d4a2ca2c10d,1004,,CARTAO,15620.18,BRL,Eum autem laborum autem.,da Rosa,Ribeiro da Serra,APROVADA,2026-04-17T02:53:34,2026-07-19T04:11:34,2026-07-25T23:29:53,batch_003,True,,
64b5e3e7-1d98-4cf0-be2e-d5e6670f2118,851,,BOLETO,19193.18,BRL,Omnis quam assumenda temporibus nisi molestiae.,,Cavalcanti,APROVADA,2026-05-02T04:45:25,2026-07-19T05:05:25,2026-07-25T23:29:53,batch_003,True,,
86c9aafc-8c25-44c5-9ca2-0b8b5f63caac,1121,,SAQUE,17162.64,BRL,Laudantium iure saepe blanditiis quis.,,Costa,APROVADA,2026-04-22T13:50:52,2026-07-22T14:18:52,2026-07-25T23:29:53,batch_003,True,,
1db8df68-ea80-43f7-9dbe-d33e743ec0ca,1070,,PIX,11085.86,BRL,Fuga eius molestiae voluptatibus.,,Caldeira,PENDENTE,2026-04-23T03:18:46,2026-07-20T05:07:46,2026-07-25T23:29:53,batch_003,True,,
8a556029-2c5f-4fb2-a5ca-6a32ceb26968,737,,CARTAO,13377.42,BRL,Laboriosam voluptate magnam at culpa saepe.,Alves,Cardoso,APROVADA,2026-06-05T21:07:06,2026-07-19T23:08:06,2026-07-25T23:29:53,batch_003,True,,
e38a7e9b-1764-46ff-b978-cf92a65829bf,389,,CARTAO,19771.51,BRL,Quis quos consectetur.,Barbosa,Alves de Goiás,APROVADA,2026-03-29T21:12:56,2026-07-25T22:28:56,2026-07-25T23:29:53,batch_003,True,,
975b7fea-09b1-4151-a2b0-b504cfee7c41,826,,BOLETO,18591.55,BRL,Accusamus accusantium at dolores.,,Carvalho das Flores,APROVADA,2026-05-16T18:42:56,2026-07-20T21:28:56,2026-07-25T23:29:53,batch_003,True,,
cf6a7d0b-6ec5-438c-928a-1b28ee7b48d1,135,,TED,367.96,BRL,Quam sint sint placeat.,,Abreu da Prata,APROVADA,2026-04-06T06:16:59,2026-07-19T07:28:59,2026-07-25T23:29:53,batch_003,True,,
cfc46015-155f-456d-9a83-61b13eae9eef,35,,BOLETO,17755.33,BRL,Voluptatibus suscipit nisi debitis soluta recusandae.,,Fonseca de Minas,APROVADA,2026-05-31T15:23:57,2026-07-24T15:52:57,2026-07-25T23:29:53,batch_003,True,,
5eafc9cd-2e41-43ba-aae6-ea0c9a842777,1168,,TED,5409.39,BRL,Voluptate ipsa quis.,,Dias do Norte,APROVADA,2026-05-22T19:54:02,2026-07-23T21:39:02,2026-07-25T23:29:53,batch_003,True,,
364ece5f-76db-4a3c-8e8f-fd9c2fb21c05,1072,,SAQUE,14276.48,BRL,Impedit tempore odio enim.,,Teixeira da Praia,APROVADA,2026-05-22T04:38:13,2026-07-19T05:12:13,2026-07-25T23:29:53,batch_003,True,,
61897705-a099-4c8d-9607-100b894bef32,813,,BOLETO,6826.96,BRL,Repellat amet vel quas molestias.,,Sampaio,APROVADA,2026-04-23T15:45:42,2026-07-23T16:34:42,2026-07-25T23:29:53,batch_003,True,,
83172035-18a9-45eb-97a0-5b84a688f8f3,811,,TED,18556.17,BRL,Ab tenetur eaque error.,,da Rocha,APROVADA,2026-03-30T09:54:30,2026-07-20T10:11:30,2026-07-25T23:29:53,batch_003,True,,
44a19917-5768-4302-9ef8-720426e29786,701,,PIX,2297.07,BRL,Sit ullam repellat quibusdam totam est.,,Viana das Flores,APROVADA,2026-05-31T14:26:02,2026-07-22T15:51:02,2026-07-25T23:29:53,batch_003,True,,
95ad6ac0-1e5c-4c12-ae16-988a3dc0e6da,901,,SAQUE,4347.13,BRL,Rerum animi ipsam.,,Gonçalves do Sul,APROVADA,2026-05-07T15:58:08,2026-07-20T18:20:08,2026-07-25T23:29:53,batch_003,True,,
bd4923c8-c132-45d9-b2ca-e2dcd8d0233c,1044,,BOLETO,16135.67,BRL,Non ad debitis perferendis.,,da Rocha da Mata,APROVADA,2026-06-20T07:33:17,2026-07-25T10:18:17,2026-07-25T23:29:53,batch_003,True,,
b7ac214c-5de3-42fc-b2df-ce7352c5aab7,40,,CARTAO,9395.02,BRL,Aliquid dolores magnam inventore modi.,Monteiro,Souza,APROVADA,2026-05-09T13:25:00,2026-07-24T15:32:00,2026-07-25T23:29:53,batch_003,True,,
535b4f50-24de-44c5-9f7e-1ab4d13d13ee,1010,186.0,CARTAO,9952.21,BRL,Labore voluptatum quia eius.,Ribeiro Peixoto e Filhos,da Rosa,APROVADA,2026-05-23T17:12:17,2026-07-20T17:55:17,2026-07-25T23:29:53,batch_003,True,,
a2d1cffc-29b1-4ca2-9205-8d8d0bfbf645,420,,PIX,9803.29,BRL,Blanditiis necessitatibus fuga praesentium nisi voluptatibus.,,Moura de Minas,APROVADA,2026-04-28T22:28:43,2026-07-21T23:06:43,2026-07-25T23:29:53,batch_003,True,,
d69156aa-a498-4508-9926-2c73533461b7,510,,TED,11877.19,BRL,Sunt non totam nostrum.,,Sá,APROVADA,2026-05-02T16:23:59,2026-07-25T17:15:59,2026-07-25T23:29:53,batch_003,True,,
d8d12d23-9de4-45d0-be95-ba93b3b0610d,516,,SAQUE,18271.46,BRL,Dolor officia nam.,,Cassiano da Prata,APROVADA,2026-05-12T15:34:37,2026-07-20T15:40:37,2026-07-25T23:29:53,batch_003,True,,
1cc434d2-ec97-4f92-92cb-f88d4dbd10b3,846,,SAQUE,1383.46,BRL,Rerum atque repellat blanditiis.,,Oliveira Verde,APROVADA,2026-06-16T21:27:27,2026-07-20T21:42:27,2026-07-25T23:29:53,batch_003,True,,
7f40e548-0511-4de4-a039-84ff75151502,1008,,CARTAO,13973.95,BRL,Quae aliquid accusantium.,da Rocha,Porto da Serra,APROVADA,2026-05-16T09:25:57,2026-07-19T11:15:57,2026-07-25T23:29:53,batch_003,True,,
f911b275-64a1-453a-98c9-e25e6a50a41e,654,127.0,CARTAO,6206.36,BRL,Quo quibusdam quisquam cumque aut.,Borges,Andrade,APROVADA,2026-04-14T05:24:27,2026-07-21T06:01:27,2026-07-25T23:29:53,batch_003,True,,
66256da1-7d79-4907-bf31-e6ebbd6901cd,49,395.0,CARTAO,10131.76,BRL,Facere fuga numquam molestiae veritatis nihil.,Martins Farias Ltda.,Sales de Albuquerque,APROVADA,2026-03-28T13:27:44,2026-07-25T14:22:44,2026-07-25T23:29:53,batch_003,True,,
29f5625a-8c2c-4002-8e98-401c1763682c,113,,SAQUE,10082.11,BRL,Sint dolores ut vitae minus.,,Rodrigues do Campo,APROVADA,2026-04-27T01:44:40,2026-07-21T02:21:40,2026-07-25T23:29:53,batch_003,True,,
c0941a1b-1ed7-4910-8c09-c68a1e7d3606,305,,PIX,11753.53,BRL,Pariatur blanditiis velit saepe autem neque.,,Pereira,APROVADA,2026-06-10T10:31:45,2026-07-22T13:00:45,2026-07-25T23:29:53,batch_003,True,,
028ba112-f788-462b-b604-5659907fc5ad,897,,TED,2640.32,BRL,Culpa delectus odit sunt atque.,,Silveira,APROVADA,2026-06-18T23:40:27,2026-07-19T01:05:27,2026-07-25T23:29:53,batch_003,True,,
5b12b595-fffd-4369-bc88-e0a3cd954e36,503,,SAQUE,18045.88,BRL,Ratione beatae delectus nam.,,Macedo,APROVADA,2026-05-22T07:49:23,2026-07-20T10:20:23,2026-07-25T23:29:53,batch_003,True,,
064a9ae3-dfd4-4331-9a10-2f06077ca4e3,1107,,SAQUE,19360.71,BRL,Nulla nostrum dolorem assumenda.,,Souza,PENDENTE,2026-04-15T22:34:18,2026-07-23T01:24:18,2026-07-25T23:29:53,batch_003,True,,
9aa7f789-fffe-42a2-a498-565d956fb3da,1080,,PIX,14682.84,BRL,Atque fugiat nostrum nam reprehenderit.,,Moura Paulista,APROVADA,2026-05-14T18:44:31,2026-07-21T20:53:31,2026-07-25T23:29:53,batch_003,True,,
9f67a87e-4168-4a50-9849-a73df55fe0b9,425,,SAQUE,1061.88,BRL,Facilis expedita eius itaque.,,Monteiro,APROVADA,2026-06-20T01:51:32,2026-07-22T04:03:32,2026-07-25T23:29:53,batch_003,True,,
58ea5b0c-40ff-4030-ad76-1f8f925eb592,969,,BOLETO,8333.4,BRL,Placeat voluptatum vitae earum tenetur.,,Cavalcanti de Aragão,PENDENTE,2026-06-03T09:04:43,2026-07-25T11:55:43,2026-07-25T23:29:53,batch_003,True,,
807be54f-d55d-45b8-ad66-e479de5489ee,953,,TED,9198.37,BRL,Maxime voluptates fuga delectus architecto.,,Sampaio do Amparo,APROVADA,2026-04-01T08:04:48,2026-07-21T09:34:48,2026-07-25T23:29:53,batch_003,True,,
df881796-1431-4b6c-9305-fdf478db150b,1134,,SAQUE,5193.48,BRL,Unde hic inventore totam.,,Jesus das Flores,APROVADA,2026-05-28T19:04:33,2026-07-23T20:20:33,2026-07-25T23:29:53,batch_003,True,,
0ed82a9c-8788-496e-8e02-ca45424510d1,620,,CARTAO,3905.26,BRL,Est eaque iusto reprehenderit.,Pastor,da Conceição de Minas,PENDENTE,2026-04-01T05:45:46,2026-07-25T07:45:46,2026-07-25T23:29:53,batch_003,True,,
8e4f84b5-a31e-4644-a5ce-2ea89e7802ae,534,,BOLETO,6050.82,BRL,Molestias quod tempora.,,Montenegro,APROVADA,2026-03-29T06:53:31,2026-07-23T08:20:31,2026-07-25T23:29:53,batch_003,True,,
17122f64-9899-45d4-905a-d05fdaca9740,879,,PIX,12927.0,BRL,Non repudiandae cum.,,Alves,APROVADA,2026-05-12T14:57:16,2026-07-22T16:55:16,2026-07-25T23:29:53,batch_003,True,,
26164d26-498c-4619-8259-496e7cbef0d2,874,,CARTAO,1125.9,BRL,Cupiditate minima mollitia.,da Cruz,Vargas Alegre,APROVADA,2026-03-30T06:46:53,2026-07-22T09:23:53,2026-07-25T23:29:53,batch_003,True,,
d48cdc33-ffa0-4885-bef7-336d30ca02a7,495,,PIX,5358.16,BRL,Debitis maiores quod.,,Silveira,APROVADA,2026-03-25T18:08:17,2026-07-23T20:51:17,2026-07-25T23:29:53,batch_003,True,,
edf81f99-faea-48e9-83f9-2299781451ed,174,,PIX,11816.84,BRL,Ab debitis asperiores.,,Pires de Alves,APROVADA,2026-04-04T05:07:00,2026-07-24T06:49:00,2026-07-25T23:29:53,batch_003,True,,
7d3782fd-edea-4db3-8111-b1268ff556fe,483,,TED,5950.23,BRL,Ex facilis molestiae voluptatibus.,,Vieira,APROVADA,2026-05-09T14:46:56,2026-07-21T16:43:56,2026-07-25T23:29:53,batch_003,True,,
944ad695-13e6-4474-a6c3-28ca6afe5696,1049,,TED,8143.41,BRL,Vitae architecto numquam.,,Andrade de Nogueira,APROVADA,2026-04-30T06:58:01,2026-07-25T09:32:01,2026-07-25T23:29:53,batch_003,True,,
15254a41-2978-4f67-ba1b-9d8f0632ed96,414,,PIX,19539.88,BRL,Fugiat molestiae quam animi.,,Costela,APROVADA,2026-04-19T08:25:56,2026-07-21T10:28:56,2026-07-25T23:29:53,batch_003,True,,
e1d2bc40-3210-4afb-ad89-7e4b35a4c3dd,601,,SAQUE,5101.28,BRL,Fuga earum adipisci est.,,Sales,NEGADA,2026-06-23T02:04:40,2026-07-23T04:38:40,2026-07-25T23:29:53,batch_003,True,,
9c397b75-89c5-42be-bad2-064cd3193b65,321,,BOLETO,6944.63,BRL,Possimus officiis ad.,,Sá de Silveira,APROVADA,2026-04-06T23:20:47,2026-07-19T01:34:47,2026-07-25T23:29:53,batch_003,True,,
7f6f6149-a09c-493f-a717-2bb355bbc7e9,975,571.0,CARTAO,14577.18,BRL,Impedit maxime ipsa quod.,Santos,Nogueira do Amparo,APROVADA,2026-04-11T21:53:07,2026-07-25T23:55:07,2026-07-25T23:29:53,batch_003,True,,
56128178-2be8-47e0-874a-e0c595bd05b7,1118,,PIX,11306.45,BRL,Id reprehenderit quis magnam.,,Macedo,APROVADA,2026-06-13T19:59:20,2026-07-19T22:00:20,2026-07-25T23:29:53,batch_003,True,,
f1221a72-6a18-48f5-9279-e3cdeed948a9,215,,PIX,4533.1,BRL,Quae occaecati iure sint.,,da Mota,APROVADA,2026-05-13T22:32:53,2026-07-20T00:21:53,2026-07-25T23:29:53,batch_003,True,,
52ddde4d-e61c-4b45-b6a9-d3c24f784da8,933,,SAQUE,8587.98,BRL,Magnam rerum nulla numquam reiciendis saepe.,,Andrade,APROVADA,2026-05-29T16:02:56,2026-07-19T18:25:56,2026-07-25T23:29:53,batch_003,True,,
0a774b54-4ff3-42e4-b253-56ecc86298be,563,,SAQUE,18727.19,BRL,Temporibus architecto aspernatur tenetur non.,,Fernandes,APROVADA,2026-03-30T06:32:24,2026-07-21T07:11:24,2026-07-25T23:29:53,batch_003,True,,
18f6713b-d884-4ad5-bef8-24b4a5462403,512,,BOLETO,11809.02,BRL,Placeat nisi vel.,,Carvalho de Sampaio,APROVADA,2026-05-25T15:29:47,2026-07-22T16:54:47,2026-07-25T23:29:53,batch_003,True,,
336fff5f-c3a8-4b7e-9361-72182d2586c9,636,,SAQUE,13687.09,BRL,Voluptatibus placeat est.,,Casa Grande,APROVADA,2026-04-12T04:20:59,2026-07-23T06:04:59,2026-07-25T23:29:53,batch_003,True,,
691881a9-6ecc-4225-a8e4-c26ca5435eb0,1160,,SAQUE,7212.13,BRL,Explicabo perspiciatis error molestias veniam asperiores.,,Barbosa do Amparo,NEGADA,2026-05-13T22:44:43,2026-07-26T01:44:43,2026-07-25T23:29:53,batch_003,True,,
596cceff-570b-4a68-ab1b-cc9ef715ad89,485,197.0,CARTAO,7710.73,BRL,Maxime itaque nulla sunt distinctio.,Moreira,Melo de Minas,APROVADA,2026-04-01T17:18:54,2026-07-25T18:40:54,2026-07-25T23:29:53,batch_003,True,,
7fd2cdf9-0fe6-4b4b-88d0-c1f1da106da6,551,,BOLETO,13988.69,BRL,Explicabo debitis sunt.,,Pinto do Sul,APROVADA,2026-06-20T02:26:30,2026-07-21T03:36:30,2026-07-25T23:29:53,batch_003,True,,
5229ebc8-e740-40ea-8c15-475fd3c477ef,634,,TED,7427.07,BRL,Necessitatibus dolor cupiditate laboriosam.,,Novais do Amparo,APROVADA,2026-05-12T10:14:15,2026-07-25T11:47:15,2026-07-25T23:29:53,batch_003,True,,
f90f4ba9-6da7-4d73-8a72-470f5c6b4d9a,1199,,PIX,13174.78,BRL,Iusto error ratione dolorum eligendi consequatur.,,da Costa,APROVADA,2026-05-30T14:02:34,2026-07-20T14:34:34,2026-07-25T23:29:53,batch_003,True,,
44e52614-44ff-4b12-83ca-27f9b7e4caa2,74,303.0,CARTAO,17565.92,BRL,Commodi modi vero cupiditate nam.,Pereira - ME,Castro de Alves,APROVADA,2026-06-16T10:14:07,2026-07-23T10:45:07,2026-07-25T23:29:53,batch_003,True,,
b4d7a0d2-6b1b-4440-9f5a-575cc1e10e69,837,,CARTAO,11394.98,BRL,Autem exercitationem at facere.,Pereira e Filhos,Peixoto,APROVADA,2026-03-30T09:14:43,2026-07-23T10:18:43,2026-07-25T23:29:53,batch_003,True,,
436440ce-54ef-45a0-878d-ff8759082efb,182,,SAQUE,3221.6,BRL,Harum fugiat eum deserunt incidunt.,,Cassiano,APROVADA,2026-04-25T13:03:47,2026-07-25T14:12:47,2026-07-25T23:29:53,batch_003,True,,
31186390-b466-47b7-994d-0b4671309e7c,866,,SAQUE,17453.58,BRL,Provident tempora veniam.,,Costela de Pastor,APROVADA,2026-06-14T10:22:14,2026-07-20T12:10:14,2026-07-25T23:29:53,batch_003,True,,
ae876da5-d41e-40b6-8211-cdfac8e66e8d,69,,PIX,16926.27,BRL,Vitae occaecati a.,,Cavalcante de Goiás,APROVADA,2026-03-25T17:34:35,2026-07-21T18:20:35,2026-07-25T23:29:53,batch_003,True,,
42a5f963-d1a6-476b-b116-8a5efd5891e0,432,,TED,5725.51,BRL,Vitae voluptatibus inventore illum.,,Barros,APROVADA,2026-06-13T13:14:04,2026-07-22T15:13:04,2026-07-25T23:29:53,batch_003,True,,
de162b6f-bd38-4991-aaf5-845b67b01788,468,,SAQUE,17335.07,BRL,Ab voluptates corrupti repudiandae.,,Gonçalves de Rocha,APROVADA,2026-05-17T04:38:17,2026-07-25T06:54:17,2026-07-25T23:29:53,batch_003,True,,
ffafb0c1-e71d-46e0-a663-66363e42c9a6,717,,CARTAO,1086.79,BRL,Doloribus aperiam porro.,Caldeira da Rosa S.A.,Souza do Amparo,APROVADA,2026-05-05T21:56:40,2026-07-23T23:34:40,2026-07-25T23:29:53,batch_003,True,,
14045dff-73c8-4abf-a5f5-859ad86244a8,1151,,CARTAO,18210.59,BRL,Ad vero beatae blanditiis.,Mendes - ME,Costela de Costa,APROVADA,2026-06-09T13:12:05,2026-07-24T14:58:05,2026-07-25T23:29:53,batch_003,True,,
c9d28b1e-b638-41fe-8d22-5207c4031374,57,,SAQUE,4616.04,BRL,Recusandae laudantium ducimus.,,Jesus de Câmara,APROVADA,2026-06-02T17:54:06,2026-07-22T18:28:06,2026-07-25T23:29:53,batch_003,True,,
c29d77d4-ccda-4c17-a3fd-3d1235be6a3b,1167,,CARTAO,2609.9,BRL,Mollitia praesentium totam voluptate.,da Mata - EI,Peixoto,APROVADA,2026-04-30T11:05:03,2026-07-25T12:14:03,2026-07-25T23:29:53,batch_003,True,,
6cdc66c8-8445-4a8a-8999-f5d186a397aa,859,,SAQUE,12969.48,BRL,Doloremque pariatur recusandae consequuntur.,,Araújo,APROVADA,2026-05-20T07:46:27,2026-07-22T08:39:27,2026-07-25T23:29:53,batch_003,True,,
98a7851b-446d-4717-bb3e-912d7f9032a5,41,650.0,CARTAO,19772.08,BRL,Ipsam quo nam aspernatur accusantium.,Brito Abreu e Filhos,Sá,NEGADA,2026-06-14T04:19:41,2026-07-21T05:44:41,2026-07-25T23:29:53,batch_003,True,,
8d2978db-2908-4553-8e39-d9c6f1b1ef25,519,,BOLETO,14500.57,BRL,Repudiandae dolorum magni.,,Ribeiro do Galho,APROVADA,2026-05-24T11:18:34,2026-07-22T11:53:34,2026-07-25T23:29:53,batch_003,True,,
7608d7ef-cb9c-45d8-bc45-424b3170a9f0,641,,BOLETO,14514.23,BRL,Nostrum dolor rem ut autem veritatis.,,Machado,APROVADA,2026-04-16T10:53:31,2026-07-22T11:00:31,2026-07-25T23:29:53,batch_003,True,,
8127ca44-d4a7-4007-9446-971a0a42e627,263,,BOLETO,5177.32,BRL,Maxime inventore pariatur nesciunt quaerat.,,Novaes Verde,APROVADA,2026-06-16T00:08:33,2026-07-19T01:15:33,2026-07-25T23:29:53,batch_003,True,,
afb15712-a876-4358-80b8-a00b01f36833,42,,PIX,3945.06,BRL,Provident perspiciatis quidem nulla corporis cupiditate.,,Castro,APROVADA,2026-05-08T22:38:58,2026-07-22T22:41:58,2026-07-25T23:29:53,batch_003,True,,
2d8f10c5-14e6-4f1d-8179-695c9a4d1fcb,903,,PIX,19056.84,BRL,Alias ducimus quaerat.,,Pinto,APROVADA,2026-06-10T07:29:57,2026-07-19T09:48:57,2026-07-25T23:29:53,batch_003,True,,
82509251-455a-404c-be01-7f591f9dfd8e,413,,BOLETO,11067.21,BRL,Corrupti fugit optio cupiditate voluptas.,,Costa,APROVADA,2026-06-13T07:28:51,2026-07-19T09:55:51,2026-07-25T23:29:53,batch_003,True,,
e6b04640-1967-481a-a3a3-e259956ce500,743,,TED,16549.95,BRL,Voluptates doloremque quos placeat dicta.,,da Cruz,APROVADA,2026-06-13T07:58:56,2026-07-19T08:07:56,2026-07-25T23:29:53,batch_003,True,,
1096554a-6611-4200-8685-c4a07a916764,265,,BOLETO,4272.09,BRL,Optio animi nesciunt nesciunt.,,Rezende,APROVADA,2026-06-19T21:27:11,2026-07-21T22:35:11,2026-07-25T23:29:53,batch_003,True,,
ec1aadfc-d3f0-4e39-a4a5-6ee2790ac3c1,1126,,TED,14289.5,BRL,Ipsa id voluptatibus quia atque odio.,,Silveira,NEGADA,2026-04-15T00:24:32,2026-07-24T01:44:32,2026-07-25T23:29:53,batch_003,True,,
7d8306bd-8e16-440f-90e0-05adf8a717e3,3,,BOLETO,11170.85,BRL,Temporibus sequi fuga libero expedita.,,Guerra do Oeste,APROVADA,2026-04-15T18:51:13,2026-07-25T20:52:13,2026-07-25T23:29:53,batch_003,True,,
7495c3ab-26f7-4e53-a3f2-0c8297278a61,393,,SAQUE,6956.93,BRL,Veritatis molestias perferendis fuga error distinctio.,,Carvalho do Sul,APROVADA,2026-05-08T15:19:37,2026-07-20T15:21:37,2026-07-25T23:29:53,batch_003,True,,
191387b7-1d61-40af-8347-20c84613f098,434,,SAQUE,558.63,BRL,Iure cupiditate exercitationem optio officia voluptate.,,Dias,APROVADA,2026-03-28T23:33:29,2026-07-20T01:31:29,2026-07-25T23:29:53,batch_003,True,,
5ae54beb-99c1-4455-b388-cceb2ee62fd9,854,,TED,13664.83,BRL,Vel hic quisquam tempore.,,da Rosa Verde,APROVADA,2026-04-17T21:58:26,2026-07-20T00:55:26,2026-07-25T23:29:53,batch_003,True,,
37bd3b2d-2d81-457d-921c-e787b242007c,1072,,TED,15799.08,BRL,Dolorem possimus tempora dolor eum itaque voluptates.,,Mendonça da Serra,APROVADA,2026-06-10T13:00:21,2026-07-24T14:42:21,2026-07-25T23:29:53,batch_003,True,,
0730b726-535b-4eba-a03a-36f3e2acc34e,629,,TED,2951.0,BRL,Eligendi dolores aliquid.,,Sousa do Amparo,APROVADA,2026-04-11T21:35:08,2026-07-20T00:24:08,2026-07-25T23:29:53,batch_003,True,,
14047128-22ff-4e70-a6b4-4c7ae5068e96,966,,TED,3449.71,BRL,Impedit sequi laboriosam.,,Freitas,NEGADA,2026-05-09T04:12:26,2026-07-20T06:22:26,2026-07-25T23:29:53,batch_003,True,,
3beba818-250a-463c-8602-708a2ce2bcf2,424,,PIX,14390.41,BRL,Eos fugiat in perferendis.,,Borges,NEGADA,2026-04-27T13:22:59,2026-07-23T16:08:59,2026-07-25T23:29:53,batch_003,True,,
c9e1ece1-f843-4b49-acc0-907a9a8c421c,97,740.0,CARTAO,6605.74,BRL,Maiores ipsa quam ab adipisci.,Viana,Moreira,APROVADA,2026-05-25T10:50:29,2026-07-23T11:39:29,2026-07-25T23:29:53,batch_003,True,,
bec9fd8a-943c-4c25-ab62-2449090b6ce5,829,,SAQUE,5337.58,BRL,Odit unde quos quo.,,Freitas do Campo,APROVADA,2026-03-24T04:32:34,2026-07-22T05:13:34,2026-07-25T23:29:53,batch_003,True,,
95717e26-470e-4959-b5c0-2e7847bad6ac,474,,CARTAO,5984.99,BRL,Ullam consectetur molestias non.,Santos,Sampaio de Cirino,APROVADA,2026-04-15T04:57:32,2026-07-22T07:45:32,2026-07-25T23:29:53,batch_003,True,,
cb42d72c-0674-4a26-9dca-dc35d93cd9ff,1013,,BOLETO,19840.54,BRL,Beatae illum pariatur fuga itaque.,,Guerra Verde,APROVADA,2026-04-23T15:01:09,2026-07-24T16:09:09,2026-07-25T23:29:53,batch_003,True,,
71732894-765d-4208-8bd1-56afa61118ac,711,,SAQUE,10864.09,BRL,Voluptate a similique porro.,,Macedo de Dias,APROVADA,2026-06-17T06:19:47,2026-07-20T08:38:47,2026-07-25T23:29:53,batch_003,True,,
807b9aa9-aaa7-4f8c-8790-5d642922b5c0,711,,TED,14922.29,BRL,Dicta eligendi ab quaerat sapiente.,,Campos da Prata,PENDENTE,2026-06-15T02:15:15,2026-07-20T04:51:15,2026-07-25T23:29:53,batch_003,True,,
ea79d753-c628-4849-9078-da4671d1c88f,308,,BOLETO,6645.06,BRL,Eum repudiandae rem.,,Teixeira,NEGADA,2026-06-21T04:49:52,2026-07-22T07:30:52,2026-07-25T23:29:53,batch_003,True,,
1c172aaa-823a-49b0-a0d6-aa2aad9fb1a8,1126,,PIX,9913.93,BRL,Enim inventore iure necessitatibus.,,Sousa,APROVADA,2026-05-02T12:39:03,2026-07-21T14:29:03,2026-07-25T23:29:53,batch_003,True,,
9770622f-ba0a-45aa-970c-50343789a329,867,,SAQUE,16187.94,BRL,Omnis minus assumenda cum quod iure.,,Fogaça Paulista,APROVADA,2026-06-17T08:59:55,2026-07-19T09:22:55,2026-07-25T23:29:53,batch_003,True,,
a4464603-8c90-409d-a34a-fb7e72db99f2,658,,SAQUE,2867.55,BRL,Quis maxime nobis dolorum nulla dolores.,,da Paz de Minas,APROVADA,2026-04-13T00:08:07,2026-07-23T01:40:07,2026-07-25T23:29:53,batch_003,True,,
2f1d3801-e65a-4b31-adef-1b019e953459,684,,BOLETO,11203.26,BRL,Tempora est dolorum assumenda atque.,,Ramos,APROVADA,2026-04-05T08:02:47,2026-07-25T10:52:47,2026-07-25T23:29:53,batch_003,True,,
5bc6e334-4f24-42e3-9b82-a2676ffcd406,1044,,BOLETO,673.43,BRL,Quibusdam officiis recusandae deleniti molestias.,,Mendonça do Sul,APROVADA,2026-06-09T20:39:11,2026-07-20T22:10:11,2026-07-25T23:29:53,batch_003,True,,
59c2af8a-08d5-4122-ad73-5a2e04b3e4ef,1075,,BOLETO,-100,BRL,Quod numquam voluptas esse architecto vero.,,Azevedo,APROVADA,2026-04-17T11:06:33,2026-07-25T11:29:33,2026-07-25T23:29:53,batch_003,True,,
c5b5a7dd-10a7-4a65-8629-b62cccaf488d,1164,,BOLETO,ABC,BRL,Enim modi voluptatem laborum placeat nesciunt.,,da Costa,APROVADA,2026-04-22T02:28:11,2026-07-23T03:44:11,2026-07-25T23:29:53,batch_003,True,,
9e9b11c6-23fe-4122-8cda-11212593c565,999999,,SAQUE,2773.22,BRL,Officia deserunt perferendis.,,Moraes,APROVADA,2026-06-13T04:10:18,2026-07-21T07:05:18,2026-07-25T23:29:53,batch_003,True,,
2ac4b9be-bfcf-4c26-9131-bdad922883f7,266,,,18862.9,BRL,Commodi repellendus voluptates fugit labore.,,Freitas do Galho,APROVADA,2026-05-15T21:14:07,2026-07-20T21:29:07,2026-07-25T23:29:53,batch_003,True,,
b9426f98-23a5-4681-a54e-6f555bea5491,280,,BOLETO,19571.8,XXX,Ipsam animi vero corrupti quia.,,Garcia,APROVADA,2026-04-20T00:16:49,2026-07-21T02:29:49,2026-07-25T23:29:53,batch_003,True,,
0d386d25-38ba-454b-ae8d-0b0d8e76c59e,965,,SAQUE,13871.05,BRL,Ullam et nemo magnam odio fuga.,,Lima de Correia,INVALIDO,2026-05-12T10:48:41,2026-07-19T13:08:41,2026-07-25T23:29:53,batch_003,True,,
d9674e5c-ec5b-45fe-99a2-f775c0465469,1161,,SAQUE,7224.8,BRL,Placeat in doloremque.,,Marques de Castro,APROVADA,DATA_INVALIDA,2026-07-20T20:43:54,2026-07-25T23:29:53,batch_003,True,,
,686,,SAQUE,12127.94,BRL,Voluptates soluta harum quibusdam consequatur.,,da Mata das Pedras,APROVADA,2026-05-02T08:17:23,2026-07-22T08:38:23,2026-07-25T23:29:53,batch_003,True,,
1e3b00f3-5a0f-462b-949b-bef5eb8f7326,960,171.0,CARTAO,14581.79,BRL,Molestiae enim dolores optio optio magni.,das Neves e Filhos,,APROVADA,2026-05-15T12:30:18,2026-07-22T14:33:18,2026-07-25T23:29:53,batch_003,True,,
8fa0482f-6c39-4e58-965c-a94b211deaef,896,,BOLETO,15269.42,BRL,Eius eligendi sapiente vel.,,da Cunha,APROVADA,2026-04-16T21:56:44,,2026-07-25T23:29:53,batch_003,True,,
59c2af8a-08d5-4122-ad73-5a2e04b3e4ef,1075,,BOLETO,12713.14,BRL,Quod numquam voluptas esse architecto vero.,,Azevedo,APROVADA,2026-04-17T11:06:33,2026-07-25T11:29:33,2026-07-25T23:29:53,batch_003,True,,
c5b5a7dd-10a7-4a65-8629-b62cccaf488d,1164,,BOLETO,7298.67,BRL,Enim modi voluptatem laborum placeat nesciunt.,,da Costa,APROVADA,2026-04-22T02:28:11,2026-07-23T03:44:11,2026-07-25T23:29:53,batch_003,True,,
9e9b11c6-23fe-4122-8cda-11212593c565,206,,SAQUE,2773.22,BRL,Officia deserunt perferendis.,,Moraes,APROVADA,2026-06-13T04:10:18,2026-07-21T07:05:18,2026-07-25T23:29:53,batch_003,True,,
2ac4b9be-bfcf-4c26-9131-bdad922883f7,266,,SAQUE,18862.9,BRL,Commodi repellendus voluptates fugit labore.,,Freitas do Galho,APROVADA,2026-05-15T21:14:07,2026-07-20T21:29:07,2026-07-25T23:29:53,batch_003,True,,
b9426f98-23a5-4681-a54e-6f555bea5491,280,,BOLETO,19571.8,BRL,Ipsam animi vero corrupti quia.,,Garcia,APROVADA,2026-04-20T00:16:49,2026-07-21T02:29:49,2026-07-25T23:29:53,batch_003,True,,
0d386d25-38ba-454b-ae8d-0b0d8e76c59e,965,,SAQUE,13871.05,BRL,Ullam et nemo magnam odio fuga.,,Lima de Correia,APROVADA,2026-05-12T10:48:41,2026-07-19T13:08:41,2026-07-25T23:29:53,batch_003,True,,
d9674e5c-ec5b-45fe-99a2-f775c0465469,1161,,SAQUE,7224.8,BRL,Placeat in doloremque.,,Marques de Castro,APROVADA,2026-04-30T19:02:54,2026-07-20T20:43:54,2026-07-25T23:29:53,batch_003,True,,
a3ddcdab-d427-4ae3-9b18-cd7eb19f12d1,686,,SAQUE,12127.94,BRL,Voluptates soluta harum quibusdam consequatur.,,da Mata das Pedras,APROVADA,2026-05-02T08:17:23,2026-07-22T08:38:23,2026-07-25T23:29:53,batch_003,True,,
1e3b00f3-5a0f-462b-949b-bef5eb8f7326,960,171.0,CARTAO,14581.79,BRL,Molestiae enim dolores optio optio magni.,das Neves e Filhos,Rodrigues,APROVADA,2026-05-15T12:30:18,2026-07-22T14:33:18,2026-07-25T23:29:53,batch_003,True,,
8fa0482f-6c39-4e58-965c-a94b211deaef,896,,BOLETO,15269.42,BRL,Eius eligendi sapiente vel.,,da Cunha,APROVADA,2026-04-16T21:56:44,2026-07-25T23:05:44,2026-07-25T23:29:53,batch_003,True,,
e1a840a0-c5aa-43ba-9b25-62c026d73daf,913,,BOLETO,17596.43,BRL,Dicta odit rem.,,Sá dos Dourados,APROVADA,2026-04-28T03:03:57,2026-07-24T05:02:57,2026-07-25T23:29:53,batch_003,True,,
72695069-89dd-46e5-a13c-bd9dd6fba801,699,,TED,16168.93,BRL,Maxime odit officiis quae.,,Silva,APROVADA,2026-06-10T10:54:23,2026-07-19T12:07:23,2026-07-25T23:29:53,batch_003,True,,
392e3167-29ec-4a6c-9b22-085cf87f667e,519,,CARTAO,9359.16,BRL,Placeat earum autem ad.,Montenegro S/A,Pinto da Praia,APROVADA,2026-05-14T10:42:13,2026-07-23T11:47:13,2026-07-25T23:29:53,batch_003,True,,
48bb02aa-4b4f-48e7-9543-25b4e7a79149,547,,PIX,19775.98,BRL,At perferendis expedita earum.,,Martins,APROVADA,2026-05-21T01:22:24,2026-07-22T01:56:24,2026-07-25T23:29:53,batch_003,True,,
96f97a22-c947-4735-a3b2-fc447acd19e2,693,,SAQUE,3208.57,BRL,Perspiciatis expedita cupiditate odit quae deserunt.,,Macedo da Prata,APROVADA,2026-06-06T17:54:14,2026-07-22T20:38:14,2026-07-25T23:29:53,batch_003,True,,
13995770-9127-4838-9cec-441e3eb0f917,433,,BOLETO,6307.89,BRL,Voluptate quibusdam temporibus excepturi.,,da Cunha Alegre,APROVADA,2026-06-03T19:47:19,2026-07-19T21:55:19,2026-07-25T23:29:53,batch_003,True,,
cf3dd750-ea8b-4d86-bc62-ea05cb85f591,553,810.0,CARTAO,9640.76,BRL,Est voluptatem ex minus accusamus.,Caldeira - ME,Aparecida,APROVADA,2026-04-02T10:25:01,2026-07-25T12:05:01,2026-07-25T23:29:53,batch_003,True,,
8b26a88b-78c9-403e-bbd0-029008fb1982,625,233.0,CARTAO,10373.98,BRL,Ab cum vel nostrum ipsam.,Gonçalves Moraes Ltda.,Moreira,APROVADA,2026-06-08T17:58:10,2026-07-24T18:53:10,2026-07-25T23:29:53,batch_003,True,,
c46a9704-a66c-40ba-a291-8a3e2ae82269,325,439.0,CARTAO,9632.2,BRL,Atque facere est necessitatibus et.,da Paz da Paz Ltda.,da Costa Verde,APROVADA,2026-06-15T23:15:43,2026-07-25T00:42:43,2026-07-25T23:29:53,batch_003,True,,
5607b010-12f3-4d08-919d-f4ba58b1046c,755,,BOLETO,5629.06,BRL,Unde vel autem.,,Aparecida,APROVADA,2026-04-25T07:03:58,2026-07-20T09:45:58,2026-07-25T23:29:53,batch_003,True,,
e36e924a-9741-45b3-98ab-2a263d3d35c3,450,,SAQUE,5589.74,BRL,Maxime praesentium blanditiis fugit enim.,,Camargo,APROVADA,2026-05-13T02:51:53,2026-05-13T03:05:53,2026-07-25T23:29:53,batch_003,True,281cdb93-19a5-4746-8241-15e491959d9d,202.155.32.134
0391f56b-2264-457d-81df-34bfd02a81ab,1210,,TED,9833.05,BRL,Nihil quisquam pariatur facere excepturi.,,Pinto da Serra,APROVADA,2026-03-03T06:59:53,2026-03-03T09:16:53,2026-07-25T23:29:53,batch_003,True,96afb864-11ef-43fd-82d1-d1701cacad0b,109.11.254.185
5dc7ff03-dc4b-4423-9701-599bf588ba86,1076,,TED,2085.28,BRL,Velit reprehenderit enim.,,Gomes do Campo,APROVADA,2026-03-05T19:38:53,2026-03-05T20:44:53,2026-07-25T23:29:53,batch_003,True,30c9e507-eab9-4480-b9e2-1d297a2f15f0,79.222.167.20
b97ef41f-c361-4f7b-986b-b74be14cc721,476,,BOLETO,863.5,BRL,Aliquam vero perspiciatis.,,Sousa,APROVADA,2026-04-01T13:57:53,2026-04-01T16:08:53,2026-07-25T23:29:53,batch_003,True,d82e3ed6-bcaf-4c20-b1d8-fbc7b6ad2d73,195.122.97.231
a189fa0a-752f-4233-87b0-8736f2adc1e9,1124,,PIX,3327.07,BRL,Occaecati nihil molestiae doloremque iste recusandae.,,Pimenta do Norte,APROVADA,2026-03-04T23:43:53,2026-03-05T01:31:53,2026-07-25T23:29:53,batch_003,True,39202108-0260-42cc-a842-cc5847290348,50.7.254.146
1905660d-755a-4416-840f-e696eba6db5d,920,,SAQUE,1379.31,BRL,Natus illo facere beatae dolore.,,Lopes,APROVADA,2026-06-06T23:34:53,2026-06-07T01:16:53,2026-07-25T23:29:53,batch_003,True,9f82af07-ad05-4008-8c48-8695c2be277b,139.123.242.206
b4f2e505-4bbb-4fbe-919a-52b89e1c9e3c,395,,BOLETO,4273.44,BRL,Nulla eos officia.,,Barbosa do Sul,APROVADA,2026-04-08T16:46:53,2026-04-08T18:34:53,2026-07-25T23:29:53,batch_003,True,b030391d-2dab-4aaf-861f-1f406f6c866b,200.197.64.122
d34307b7-bfa2-446a-90d3-dcac139b380f,801,,BOLETO,4688.65,BRL,Eius vero ea.,,Moraes,APROVADA,2026-03-18T22:08:53,2026-03-19T00:30:53,2026-07-25T23:29:53,batch_003,True,9985a520-c9d3-42c9-9d6c-bbd5c0463b99,191.154.214.122
a6d82f0f-0650-468c-9398-e308540625cd,752,,TED,8416.21,BRL,Eligendi error illo.,,Barbosa de Dias,APROVADA,2026-04-05T03:24:53,2026-04-05T05:28:53,2026-07-25T23:29:53,batch_003,True,21e03026-f188-48d2-a1b7-c685408cbd09,222.33.203.101
d7cae14b-b82e-41ad-9b1b-cc1aa6c9cbf8,219,,BOLETO,3071.51,BRL,Officiis tenetur assumenda temporibus quo.,,Souza da Prata,APROVADA,2026-02-05T03:03:53,2026-02-05T04:17:53,2026-07-25T23:29:53,batch_003,True,3e3deae8-5cac-416e-934f-1eb480cf1263,63.54.218.211
0666d7b2-d00c-4f37-89e3-3e605b86d067,933,,PIX,6152.6,BRL,Magnam sint porro.,,da Cunha de Cardoso,APROVADA,2026-01-26T16:13:53,2026-01-26T17:02:53,2026-07-25T23:29:53,batch_003,True,5da2ad0b-98e0-488b-aced-732e3b53e282,218.105.237.164
1b723d4a-6691-4e9d-bbf1-4b17bf44bf62,490,,TED,3264.43,BRL,Corporis a totam illo odio porro.,,Garcia Verde,APROVADA,2026-02-05T12:55:53,2026-02-05T14:06:53,2026-07-25T23:29:53,batch_003,True,f3c21eb0-be0e-4a63-a1e2-4baaf66f4152,205.193.250.144
df57a7ef-2dc6-4d4b-829b-c4dd4d3095cc,1100,,PIX,4147.13,BRL,Culpa corporis voluptatum ex.,,Nascimento,APROVADA,2026-06-09T22:43:53,2026-06-10T00:44:53,2026-07-25T23:29:53,batch_003,True,211d941d-9b98-4cfa-b63d-1000b27bebf3,65.0.91.208
68041d7a-06cd-46b5-801e-aa9f4687724d,478,,TED,4856.95,BRL,Blanditiis hic magnam.,,Guerra Grande,APROVADA,2026-04-10T02:48:53,2026-04-10T04:06:53,2026-07-25T23:29:53,batch_003,True,a1c2d54e-d008-4459-ab90-b83647ea887a,36.66.198.81
e0642382-83e1-4cde-9942-8fc5038650a6,811,,BOLETO,6345.39,BRL,Molestiae vel voluptate numquam enim.,,Vieira,APROVADA,2026-03-19T18:33:53,2026-03-19T20:54:53,2026-07-25T23:29:53,batch_003,True,041f3188-31e0-41e8-9dfd-aee834a18d19,71.103.126.205
06d44431-bd51-413c-9d10-829cad9b0935,1065,,PIX,3730.84,BRL,Tempore praesentium earum fugiat.,,da Cruz Verde,APROVADA,2026-02-28T10:50:53,2026-02-28T11:10:53,2026-07-25T23:29:53,batch_003,True,4cb08541-2627-4b47-b686-87e6464ff85c,162.157.53.36
cc03a366-2fec-4d43-bc06-c293bc347d32,1125,,BOLETO,5217.68,BRL,Laboriosam eligendi totam laborum.,,Viana da Mata,APROVADA,2026-05-30T20:35:53,2026-05-30T22:18:53,2026-07-25T23:29:53,batch_003,True,71ea7e47-e0c2-420c-93e5-4b52b05144c2,172.125.129.46
06ebfbb4-3f23-4ca0-bc7b-9abaf9915382,328,,PIX,8957.61,BRL,Beatae porro nesciunt dolorum dolore.,,Ferreira,APROVADA,2026-02-03T11:31:53,2026-02-03T12:38:53,2026-07-25T23:29:53,batch_003,True,6cb13e94-399b-4bf8-9d19-56a70a99b14e,145.120.166.63
971a1619-81c8-4a4a-9976-2f345d4f086a,856,,PIX,7848.74,BRL,Velit ipsa a rem error cupiditate.,,Rios,APROVADA,2026-02-05T01:25:53,2026-02-05T03:45:53,2026-07-25T23:29:53,batch_003,True,b5e0cb43-a88e-4b6a-9301-bf02ad04fd2d,197.91.209.169
9a144dcf-af82-41f1-871d-7123711693a2,642,,SAQUE,9388.16,BRL,Libero a nihil eos officiis.,,Rios do Sul,APROVADA,2026-05-24T23:28:53,2026-05-25T02:28:53,2026-07-25T23:29:53,batch_003,True,0f47529b-2b45-4e57-990e-5b0ef1523817,210.86.19.118
8786ffa7-1833-4372-8ddd-10b0d61395ed,381,,PIX,6438.6,BRL,Fugit cum ea tempora.,,Fogaça,APROVADA,2026-04-05T23:05:53,2026-04-06T01:03:53,2026-07-25T23:29:53,batch_003,True,0d71fdb6-cc3f-45c4-b679-7e7213c38211,85.187.88.42
525ed63b-9021-4eaa-a11a-dd8cce3a637d,630,,PIX,335.87,BRL,Beatae molestiae ipsum sint provident laborum.,,Albuquerque,APROVADA,2026-04-06T16:59:53,2026-04-06T17:45:53,2026-07-25T23:29:53,batch_003,True,bac198ca-d408-4afd-8409-58fe6407da20,200.115.189.130
420f8b4f-1da8-414a-9a6f-afad94e00ea7,869,,BOLETO,4328.04,BRL,Quod occaecati neque ipsa possimus harum.,,Barbosa,APROVADA,2026-03-13T08:42:53,2026-03-13T09:04:53,2026-07-25T23:29:53,batch_003,True,a5a01c5e-1cd8-4293-a103-fae7886bfa3b,194.136.214.192
6fb8545e-c5cb-4fbf-8821-6a10f56d530c,841,,TED,1166.23,BRL,Atque suscipit eius rem.,,Barros do Galho,APROVADA,2026-03-26T22:57:53,2026-03-27T01:40:53,2026-07-25T23:29:53,batch_003,True,06cc0cfe-8c73-4782-b231-4e4d61b393f3,128.228.127.231
c875af2b-13f8-4eee-b2e7-8756d18c0932,918,,TED,1922.79,BRL,Id accusamus doloribus deserunt necessitatibus.,,Farias das Pedras,APROVADA,2026-02-11T10:31:53,2026-02-11T12:06:53,2026-07-25T23:29:53,batch_003,True,0a045d69-e0b8-41fd-9457-9fa2d9261c1b,144.169.51.1
1a9e8eea-78ce-46ed-a35d-0a2545a370ac,313,,BOLETO,7270.03,BRL,Facilis sapiente laboriosam laborum nisi autem.,,das Neves de Goiás,APROVADA,2026-03-03T22:46:53,2026-03-04T00:50:53,2026-07-25T23:29:53,batch_003,True,91416e83-49d2-4565-8416-9a03bb598c85,205.179.193.186
6fd1d2fa-7999-4537-990c-2847c2c8341a,798,,PIX,5772.14,BRL,Accusamus assumenda deleniti est minus.,,Duarte,APROVADA,2026-03-27T05:39:53,2026-03-27T06:41:53,2026-07-25T23:29:53,batch_003,True,05afc18b-01ee-4035-865b-b1cd28566f1b,223.24.49.253
6dc468ea-17a4-46c0-8743-c4d81c9196b7,35,,SAQUE,1003.83,BRL,Unde non non doloremque modi dicta.,,Nunes Alegre,APROVADA,2026-02-22T13:45:53,2026-02-22T14:30:53,2026-07-25T23:29:53,batch_003,True,65546959-e8a1-4491-bd6a-62a324ea09ad,188.205.52.72
3dce2f8b-47e7-4937-b69f-996cf1a7788e,242,,BOLETO,1219.13,BRL,Maxime fuga aspernatur aliquid assumenda.,,Moreira do Sul,APROVADA,2026-02-14T00:48:53,2026-02-14T01:02:53,2026-07-25T23:29:53,batch_003,True,a2858fd0-8cee-4e48-a695-891dc0e319d1,197.254.227.83
a093c1c6-2c5f-4f22-8b8b-d82aedad6347,161,,PIX,6948.9,BRL,Perspiciatis cum tempore ea quas.,,Andrade Paulista,APROVADA,2026-05-04T02:38:53,2026-05-04T02:50:53,2026-07-25T23:29:53,batch_003,True,503d2a73-0003-40f9-917c-84ac8bcd9790,175.8.51.18
81d3f771-d1c5-4fd3-a280-d6d943ded7c6,265,,BOLETO,6300.49,BRL,Delectus officia itaque.,,Correia da Mata,APROVADA,2026-04-25T19:10:53,2026-04-25T20:47:53,2026-07-25T23:29:53,batch_003,True,2d8b7e1d-d0f0-4e6a-8859-bba507b20751,155.32.209.94
917a6f52-7046-4ea3-9ba6-95febd5924f6,406,,PIX,9939.51,BRL,Inventore assumenda error illum.,,Camargo,APROVADA,2026-03-15T21:32:53,2026-03-15T23:54:53,2026-07-25T23:29:53,batch_003,True,6121e9c2-77d0-4fa7-a243-aed9f696e301,163.226.30.197
1a923b52-3cd6-4b2a-a114-00c2ba9c860a,36,,PIX,1723.98,BRL,Et recusandae harum quod.,,Dias,APROVADA,2026-04-11T08:47:53,2026-04-11T10:44:53,2026-07-25T23:29:53,batch_003,True,4b35fe89-7b3f-4da0-8478-5d62ba0af6b9,215.161.172.253
74eddaf4-5541-4999-8d41-db4a3c53ca5f,1101,,TED,3620.96,BRL,Similique eligendi porro vero aut soluta.,,Pinto,APROVADA,2026-03-07T07:33:53,2026-03-07T08:07:53,2026-07-25T23:29:53,batch_003,True,ac4848f9-1e3f-442c-aa13-e674740c47e6,131.71.204.2
2155f77e-7221-465b-8c30-83d9c5e140fc,79,,PIX,4026.07,BRL,Nostrum aliquid at.,,Cardoso,APROVADA,2026-05-21T06:35:53,2026-05-21T07:45:53,2026-07-25T23:29:53,batch_003,True,02bf5519-a132-43b6-8132-fc78211a4740,131.160.55.168
58d1b04f-9873-4c57-95b5-98b2e70a4ba5,723,,SAQUE,7372.7,BRL,Magni adipisci quibusdam dolores.,,Andrade,APROVADA,2026-03-09T09:18:53,2026-03-09T11:39:53,2026-07-25T23:29:53,batch_003,True,5f0c756f-74a2-4824-9f16-fb112bebff70,163.76.236.226
db4c44ee-afb9-4bd4-8d05-8421fe2a6fc6,953,,TED,3661.37,BRL,Fuga sequi repellat velit aspernatur.,,Aragão,APROVADA,2026-03-29T22:37:53,2026-03-29T23:21:53,2026-07-25T23:29:53,batch_003,True,4506031d-d7e2-41d5-bd9c-32b966ea1492,219.75.150.109
7658e593-da65-436b-b28f-26bc135b1277,692,,BOLETO,7284.85,BRL,Qui mollitia ad iure facilis.,,Dias,APROVADA,2026-03-22T18:33:53,2026-03-22T19:27:53,2026-07-25T23:29:53,batch_003,True,444c55c5-e7ad-439a-9666-ba1b24f17092,211.5.212.76
1c93e50b-c992-491b-8f0f-aaee6dc6141f,54,,SAQUE,2929.8,BRL,Perferendis pariatur omnis inventore nihil recusandae.,,Gonçalves,APROVADA,2026-05-17T04:30:53,2026-05-17T06:15:53,2026-07-25T23:29:53,batch_003,True,cfbe8007-17cf-4062-bf68-fa7620b6fadb,163.170.96.221
5a33eb0d-3e6e-4f47-af92-52657c130635,801,,TED,7479.48,BRL,Nam qui quia.,,Freitas,APROVADA,2026-02-19T22:10:53,2026-02-20T00:04:53,2026-07-25T23:29:53,batch_003,True,cac7b5dc-c7d9-4451-9b1c-00551250f515,197.14.163.23
33852536-100f-429e-891c-8084fca37207,1148,,PIX,7452.35,BRL,Officiis voluptas sint.,,Ramos Paulista,APROVADA,2026-04-13T22:00:53,2026-04-13T22:54:53,2026-07-25T23:29:53,batch_003,True,25d530a9-24d0-432f-bbdf-cc4afc37defe,178.57.161.248
524363ab-3cb3-4345-8cd7-9b942ae3bff3,35,,BOLETO,474.31,BRL,Beatae saepe ea unde.,,da Conceição,APROVADA,2026-03-07T21:02:53,2026-03-07T22:51:53,2026-07-25T23:29:53,batch_003,True,86307287-1a7a-4d54-b251-58e223687141,166.69.130.26
d6a4d7ad-885e-4df7-b070-c9a30c6fec21,705,,BOLETO,9852.42,BRL,Quam sequi nulla.,,Araújo,APROVADA,2026-05-10T02:53:53,2026-05-10T03:30:53,2026-07-25T23:29:53,batch_003,True,b2c1169b-65fb-4524-89bf-ce15f1a814b4,203.5.128.75
02382177-3476-49d3-95a6-7d71a8c50220,851,,PIX,1594.14,BRL,Quos et quo animi.,,Sousa da Serra,APROVADA,2026-05-04T13:39:53,2026-05-04T16:20:53,2026-07-25T23:29:53,batch_003,True,78cf306b-b794-4583-b82f-da126a17ec45,41.74.122.115
3fcacb45-e5d1-440e-987d-6d8a26319d48,176,,TED,1391.74,BRL,Repudiandae alias ab.,,Pacheco da Praia,APROVADA,2026-04-05T12:51:53,2026-04-05T13:18:53,2026-07-25T23:29:53,batch_003,True,bc6b45fa-6b4e-421e-b84f-134a00f870eb,155.178.60.230
d92f1f05-b320-42b7-8004-5f9a8597e41c,67,,SAQUE,1049.26,BRL,Molestiae nostrum harum odio nemo.,,Andrade das Pedras,APROVADA,2026-01-27T09:16:53,2026-01-27T10:29:53,2026-07-25T23:29:53,batch_003,True,669f3453-e031-4751-9681-7a6b0ea817ee,189.131.95.66
b55b8700-6768-4bdb-94eb-3a9e5170930e,75,,TED,589.02,BRL,Ipsa dolores placeat quaerat perferendis.,,Mendonça,APROVADA,2026-04-08T02:17:53,2026-04-08T03:31:53,2026-07-25T23:29:53,batch_003,True,350d9724-d3ae-4688-9d1e-6871e8490909,92.229.2.26
feeb4f67-9efc-424c-bcb8-ac45827486bb,1191,,BOLETO,7904.8,BRL,Voluptas voluptates numquam.,,Nunes do Amparo,APROVADA,2026-02-28T23:38:53,2026-03-01T00:39:53,2026-07-25T23:29:53,batch_003,True,005a6094-ce92-43c7-a35b-5916c177f96d,178.144.205.157
3f17d964-2209-4c3b-b3cd-7b0456b4cf15,121,,BOLETO,7410.67,BRL,Quae delectus fuga.,,Cavalcanti Alegre,APROVADA,2026-04-28T12:42:53,2026-04-28T14:29:53,2026-07-25T23:29:53,batch_003,True,59795a14-7b01-4d97-aeae-6f8dfdfcf552,69.16.126.155
0bac1463-fe5b-4895-b5d7-91b41e932637,110,,BOLETO,1460.26,BRL,Recusandae repellat fugit temporibus.,,Rocha da Mata,APROVADA,2026-04-15T07:22:53,2026-04-15T08:25:53,2026-07-25T23:29:53,batch_003,True,1c416c55-3a2a-4a9e-b8f8-442531dbf594,153.88.140.118
3ec71e19-7f5f-4363-a5a8-b7caffb8abc1,23,,BOLETO,5832.68,BRL,Suscipit repudiandae aut itaque sapiente.,,Marques,APROVADA,2026-06-01T06:15:53,2026-06-01T06:16:53,2026-07-25T23:29:53,batch_003,True,c8f5082d-ba1e-461f-a940-7691819643e8,218.7.125.124
800e1069-009a-49f9-b001-b9299604abc3,873,,SAQUE,4164.01,BRL,Labore dolorem esse.,,Porto de Pastor,APROVADA,2026-02-23T08:38:53,2026-02-23T11:16:53,2026-07-25T23:29:53,batch_003,True,c02fd25c-baf9-4b51-980f-6d6bbee54055,196.207.103.43
4ab6dc0e-8615-4ba1-97ee-3a9792ea9880,1173,,SAQUE,357.31,BRL,Iure et vel distinctio illum.,,Rodrigues,APROVADA,2026-03-03T11:05:53,2026-03-03T12:55:53,2026-07-25T23:29:53,batch_003,True,ffe75874-7370-4499-a7d7-d5d8c2023e83,144.6.16.67
239beb5e-cf1e-44ad-aa3f-7ab6ab0c6e70,925,,SAQUE,7489.89,BRL,Impedit quis molestiae assumenda.,,Silva,APROVADA,2026-05-27T09:48:53,2026-05-27T11:37:53,2026-07-25T23:29:53,batch_003,True,a2a5b585-f579-43a5-97f8-119455b17f65,205.98.203.172
70a22957-55bf-4691-8782-458cb522d4f1,838,,TED,7252.01,BRL,Sunt doloremque asperiores numquam.,,Novaes,APROVADA,2026-02-25T08:37:53,2026-02-25T10:24:53,2026-07-25T23:29:53,batch_003,True,56d0ed92-2ed1-4c73-9f25-13b66cf76250,34.191.191.190
7fcbf4c5-0c8e-4635-9f1c-9abe0c4f3cd6,233,,TED,7968.48,BRL,Dicta natus non.,,Novais de Fonseca,APROVADA,2026-05-01T06:42:53,2026-05-01T07:27:53,2026-07-25T23:29:53,batch_003,True,5d103880-a1ce-4e27-a067-fd55ced405ae,205.140.139.200
ffc90f78-e4b1-4930-8f09-2b1830b86a93,1055,,SAQUE,7521.57,BRL,Omnis accusamus unde.,,Souza,APROVADA,2026-05-05T05:30:53,2026-05-05T08:29:53,2026-07-25T23:29:53,batch_003,True,c872618f-b831-4dfb-910f-10ae4c115338,198.194.66.142
5cb40319-964f-4a2c-a0f4-28568c773e0b,85,,BOLETO,5642.6,BRL,Vero voluptatem ex.,,Carvalho das Pedras,APROVADA,2026-05-23T06:35:53,2026-05-23T08:15:53,2026-07-25T23:29:53,batch_003,True,7bd8418f-7c2e-47d7-8475-4b229d0166ad,218.82.161.229
c2db080d-1df2-4afa-95b3-e64e2bd58d72,1041,,TED,810.96,BRL,Ratione nemo reprehenderit modi.,,Vargas da Mata,APROVADA,2026-06-10T11:12:53,2026-06-10T11:28:53,2026-07-25T23:29:53,batch_003,True,6546b6bc-e122-4cd7-ad45-e7d17d8d8670,142.84.235.30
5383499a-9554-45a1-9ca0-df2fbe9fc552,757,,SAQUE,1759.44,BRL,Quos voluptatem ab necessitatibus.,,Pastor,APROVADA,2026-04-24T02:45:53,2026-04-24T04:13:53,2026-07-25T23:29:53,batch_003,True,b087559a-52d1-4c10-93d1-2758e65166c5,220.223.122.115
8df86cba-a089-4820-9ed6-3e72d36a59d9,716,,PIX,242.54,BRL,Quo sapiente laborum aut.,,Porto,APROVADA,2026-04-25T07:04:53,2026-04-25T07:25:53,2026-07-25T23:29:53,batch_003,True,b1804fac-3418-4615-8a0a-0e8311b0e36b,101.209.219.156
389746a1-a156-4e36-a269-c13f94abb7e9,577,,SAQUE,6198.03,BRL,Consequuntur dignissimos quod autem voluptatem sint.,,da Rosa de Ramos,APROVADA,2026-04-27T23:36:53,2026-04-28T01:57:53,2026-07-25T23:29:53,batch_003,True,2b458118-c87a-41e7-9765-d7e51004d968,209.60.11.75
52f8d544-be89-4248-aa3e-f871f6933f7a,603,,TED,7228.16,BRL,Nulla a iure perspiciatis corrupti voluptatum.,,Sá do Amparo,APROVADA,2026-03-06T00:26:53,2026-03-06T00:55:53,2026-07-25T23:29:53,batch_003,True,5a268d04-90ab-4497-a2dd-b8fcb81ee153,165.212.90.121
13265f82-1e79-4950-8688-3eaf23127dbe,812,,SAQUE,8884.24,BRL,Autem nostrum itaque.,,Nogueira do Norte,APROVADA,2026-03-10T11:55:53,2026-03-10T12:22:53,2026-07-25T23:29:53,batch_003,True,58a1a17a-c5e0-4eb3-a8a0-2843b2bb183f,192.226.240.2
2e9eba99-24bd-4ee4-b7fb-97b435dddddf,277,,SAQUE,5066.93,BRL,Recusandae atque temporibus.,,Moreira de Martins,APROVADA,2026-02-13T07:19:53,2026-02-13T10:12:53,2026-07-25T23:29:53,batch_003,True,4aae2108-6a55-4dfe-b453-e037e38e58ee,104.157.173.249
e2578e1d-1abb-4465-acb3-0667fb1784d8,1070,,BOLETO,6334.51,BRL,Quam vitae impedit aperiam aspernatur.,,Duarte,APROVADA,2026-04-22T04:35:53,2026-04-22T06:37:53,2026-07-25T23:29:53,batch_003,True,b854f22e-4ce3-4de7-8b90-7bc3bdd84939,177.77.194.49
6f17636f-4a61-4e1d-a213-3cbf8bc87c84,849,,BOLETO,472.91,BRL,Ut porro cum.,,Dias,APROVADA,2026-06-05T15:45:53,2026-06-05T18:29:53,2026-07-25T23:29:53,batch_003,True,0eabd887-4550-45ac-8def-1c32e38d4dc0,218.199.37.177
f5ad69da-fda4-4869-9bf6-49860823d820,415,,BOLETO,4675.45,BRL,Inventore perferendis tenetur autem.,,Monteiro de Minas,APROVADA,2026-02-02T02:05:53,2026-02-02T03:26:53,2026-07-25T23:29:53,batch_003,True,93fdc559-dc69-4a7d-87e9-263ad5505cd0,156.171.31.70
88ec5b2f-4ed8-4748-8d90-7de96ec60b2a,436,,SAQUE,3323.82,BRL,Cumque asperiores cupiditate et quasi.,,da Paz de Martins,APROVADA,2026-04-29T00:12:53,2026-04-29T03:08:53,2026-07-25T23:29:53,batch_003,True,d87087dd-6606-48cc-8da5-44740bcfd12d,90.102.225.110
18173452-769b-4872-8b4f-9d3235257e50,784,,PIX,2928.12,BRL,Mollitia dicta distinctio commodi repudiandae.,,Ferreira,APROVADA,2026-05-02T08:05:53,2026-05-02T08:46:53,2026-07-25T23:29:53,batch_003,True,3d6238e6-e741-4792-81a5-8e5da0d6589f,31.211.46.28
2f0ce9be-53e3-45e8-9865-ce88d1418a5e,1106,,PIX,848.94,BRL,Minus voluptates neque itaque.,,da Rocha,APROVADA,2026-02-25T08:40:53,2026-02-25T11:25:53,2026-07-25T23:29:53,batch_003,True,9fc6a69d-52c5-49cf-a101-53c389a0c6c0,49.116.227.20
213f93ad-d827-488f-bcfe-c4875366d22f,704,,PIX,1740.67,BRL,Voluptate ullam porro maiores aliquam.,,Melo de das Neves,APROVADA,2026-05-23T12:03:53,2026-05-23T13:13:53,2026-07-25T23:29:53,batch_003,True,c1108148-6f23-4b18-9c6a-b1ddbab91776,25.88.144.42
d2baeb65-c9f5-4388-9d96-41d477e68c6e,155,,BOLETO,9849.03,BRL,Nulla non beatae aspernatur.,,Guerra,APROVADA,2026-04-11T17:31:53,2026-04-11T18:31:53,2026-07-25T23:29:53,batch_003,True,f11bfb5b-8762-4936-a565-87a8e9a9ac44,213.238.228.190
3cae4ebe-b475-4f66-93eb-559d8cda65fd,695,,PIX,6915.4,BRL,Maxime perspiciatis explicabo blanditiis error soluta.,,da Cruz do Norte,APROVADA,2026-02-22T17:14:53,2026-02-22T20:04:53,2026-07-25T23:29:53,batch_003,True,4f2fa97a-c9eb-4c99-95a7-e88cb21cf0cc,65.252.90.56
e4187986-75f8-4968-bb2c-2864b941a7c6,415,,SAQUE,5618.34,BRL,Aperiam deleniti corporis.,,Cavalcante,APROVADA,2026-05-31T22:18:53,2026-06-01T00:54:53,2026-07-25T23:29:53,batch_003,True,e6718fb1-2294-4060-98f6-aa6773290a14,145.110.126.160
1d623be9-dfc4-4150-9c37-b0e78e50d4c8,746,,TED,6324.24,BRL,Error dicta assumenda reiciendis at error ad.,,Alves da Prata,APROVADA,2026-02-09T04:22:53,2026-02-09T06:58:53,2026-07-25T23:29:53,batch_003,True,4e767200-205f-4264-bb1a-ae45f3e14144,145.34.242.122
6d5cc303-6833-4218-831c-a6717075475e,711,,PIX,6586.34,BRL,Temporibus debitis corrupti expedita ex nisi.,,Sousa,APROVADA,2026-04-22T22:34:53,2026-04-22T23:59:53,2026-07-25T23:29:53,batch_003,True,7bfdb3ff-00df-485d-ba48-037b9469fd92,163.65.36.80
f173437a-8124-4853-b7df-3fde33bb446e,137,,BOLETO,8611.36,BRL,Eveniet minima neque natus.,,Jesus do Galho,APROVADA,2026-05-07T13:20:53,2026-05-07T13:50:53,2026-07-25T23:29:53,batch_003,True,fffe75c6-9909-45c6-962b-c7b3f7b6829d,134.51.178.217
3c410c12-ac61-464d-97ce-a9f962088cc3,55,,BOLETO,1411.65,BRL,Modi ipsum quisquam voluptate maxime ad.,,Camargo,APROVADA,2026-02-23T12:04:53,2026-02-23T13:54:53,2026-07-25T23:29:53,batch_003,True,45b11c0e-b7c8-4d45-94b2-5d687626cbeb,195.156.11.25
e930194a-2750-482e-9e23-1ae098eca18f,991,,TED,3672.44,BRL,Aperiam vero placeat aliquam.,,Azevedo da Serra,APROVADA,2026-06-06T06:55:53,2026-06-06T07:47:53,2026-07-25T23:29:53,batch_003,True,431e1d88-0f64-4a9f-ba5f-153dcfb02e5e,155.213.43.166
8de33671-205d-4e2d-8bf2-f6e1e3f7d2ad,163,,TED,5962.42,BRL,Cum occaecati error.,,Pinto Paulista,APROVADA,2026-02-14T03:51:53,2026-02-14T05:09:53,2026-07-25T23:29:53,batch_003,True,4949e4c0-12a2-456f-a172-870b2f845e93,142.115.135.4
79bd73b3-430c-40e5-b1e6-1a1df9de206e,811,,SAQUE,2791.51,BRL,Molestias quidem nemo voluptatum.,,Ferreira,APROVADA,2026-02-05T17:26:53,2026-02-05T18:24:53,2026-07-25T23:29:53,batch_003,True,2792e3ad-5d25-485c-9016-5b399f164bbd,180.170.57.160
d4046f3b-f146-4947-9e94-2a9385629f0e,1012,,PIX,4591.59,BRL,Excepturi alias ipsa.,,Fernandes do Galho,APROVADA,2026-03-31T22:29:53,2026-04-01T00:12:53,2026-07-25T23:29:53,batch_003,True,d90c154a-5f26-48bb-81dc-ed6d63d0cf1a,164.39.19.14
b03934fe-1743-43c2-9822-e87ceed1df51,671,,BOLETO,6898.75,BRL,Dolorem hic in odit explicabo.,,Farias,APROVADA,2026-05-20T03:17:53,2026-05-20T03:58:53,2026-07-25T23:29:53,batch_003,True,a514f889-d690-4acc-bdc4-0285e26a1240,144.215.160.180
4c8b45a8-8446-4fa0-b730-5d36b2d1bbed,604,,TED,8429.54,BRL,Molestiae qui voluptate dignissimos.,,Mendes,APROVADA,2026-02-02T09:45:53,2026-02-02T11:50:53,2026-07-25T23:29:53,batch_003,True,c72b4d64-e9e2-48eb-95e1-4ed0d22d152d,102.150.12.142
76d9e02d-4729-4359-91f0-fb793180bd74,15,,PIX,7894.27,BRL,Ad mollitia adipisci eum.,,da Mata,APROVADA,2026-05-16T11:49:53,2026-05-16T14:47:53,2026-07-25T23:29:53,batch_003,True,77e254dc-d6c8-4d62-9521-4102e4c8c49b,213.42.121.60
f9faead5-038a-4973-ae12-72b5ca150e1e,19,,SAQUE,5941.79,BRL,Labore rerum dolore culpa.,,Nunes da Serra,APROVADA,2026-04-24T10:45:53,2026-04-24T10:48:53,2026-07-25T23:29:53,batch_003,True,43bd4934-ae42-4f4f-bb8c-bb78d0b84d1b,15.238.27.149
ee3c6993-71d5-4f70-9793-8a248153ad31,223,,PIX,9800.44,BRL,Voluptatibus eum dolore placeat amet.,,Nunes das Flores,APROVADA,2026-04-19T08:32:53,2026-04-19T11:00:53,2026-07-25T23:29:53,batch_003,True,53e3b0db-8881-447f-bc9c-7556c6aab34c,210.79.191.90
48c08edf-8d3b-46e3-9efc-976ac5f9f46a,129,,PIX,7833.35,BRL,Pariatur blanditiis dolor quas.,,Pinto do Galho,APROVADA,2026-02-10T13:11:53,2026-02-10T15:44:53,2026-07-25T23:29:53,batch_003,True,4b5d80ec-796c-4c26-8924-243932cce1cc,135.131.246.118
34fc32f8-0697-4f91-ae78-ac30ac00795f,80,,PIX,2440.24,BRL,Odit consequuntur vel iste veniam ipsa sapiente.,,Peixoto das Flores,APROVADA,2026-03-20T03:29:53,2026-03-20T03:51:53,2026-07-25T23:29:53,batch_003,True,c834f7c2-c2b6-455d-8b93-616cc1fdb3b2,185.146.240.127
6886bbba-73e9-4392-8fd9-df515c4509c3,493,,TED,5940.69,BRL,Eveniet quasi sunt.,,da Luz,APROVADA,2026-05-09T18:24:53,2026-05-09T20:26:53,2026-07-25T23:29:53,batch_003,True,33e4fbd8-54e8-4f4a-b552-4808dbcdd9cc,194.87.249.29
a9f08761-e732-4b9b-9407-35378fa61ea7,722,,SAQUE,8468.42,BRL,Tempore suscipit quam eum et explicabo.,,Aparecida de Lopes,APROVADA,2026-05-07T04:11:53,2026-05-07T07:08:53,2026-07-25T23:29:53,batch_003,True,52d6f2f1-777b-497e-a941-408bef8cd2c8,215.31.19.229
430274ed-dbdc-4562-a8bb-8de3c653c9fd,220,,BOLETO,4611.15,BRL,Saepe suscipit laudantium minus ut.,,Sá,APROVADA,2026-03-09T23:12:53,2026-03-10T00:35:53,2026-07-25T23:29:53,batch_003,True,b5056765-645a-4b9a-87b3-af96da7755bb,45.112.1.238
f898f653-52aa-47df-9bb2-02c62844fc71,710,,TED,7751.51,BRL,Fugiat delectus minus unde incidunt.,,Câmara da Serra,APROVADA,2026-05-28T23:39:53,2026-05-29T00:49:53,2026-07-25T23:29:53,batch_003,True,e6d368e4-6200-4f90-8ea7-ed782827567b,207.128.76.151
9a717f71-cc84-4056-82ee-ec48319fadc4,201,,TED,9024.3,BRL,Possimus in omnis alias necessitatibus deserunt.,,Vargas do Amparo,APROVADA,2026-05-14T01:48:53,2026-05-14T04:20:53,2026-07-25T23:29:53,batch_003,True,3d00411d-a634-4f37-9038-ad54c1608333,39.152.129.216
c7a22740-0dd2-47c1-aaac-16fd78692485,951,,SAQUE,2924.28,BRL,Beatae fuga corporis.,,Mendes de Rocha,APROVADA,2026-02-03T05:49:53,2026-02-03T06:59:53,2026-07-25T23:29:53,batch_003,True,bdfc22df-4250-4af4-8cac-36be144af07b,198.3.206.89
cbbc3c99-ee89-4c37-8c6a-86a6a6defcf7,811,,TED,4176.59,BRL,Dolores deleniti doloribus.,,Jesus de Minas,APROVADA,2026-05-24T22:10:53,2026-05-24T22:26:53,2026-07-25T23:29:53,batch_003,True,661eaf54-bc83-4f03-95fc-d8c3d5d6346b,200.176.113.57
2997b34e-ec3a-44f7-a629-7546f9823d2c,417,,BOLETO,7418.4,BRL,Animi sit atque nobis.,,Guerra Verde,APROVADA,2026-05-21T11:24:53,2026-05-21T12:41:53,2026-07-25T23:29:53,batch_003,True,48393f96-33ca-42ad-afe6-fa79e7bf6dc4,188.68.164.222
aeb1f84c-22ce-44fc-8f0f-9d993da127f3,1077,,PIX,314.63,BRL,Cum unde quo vel.,,Nascimento da Mata,APROVADA,2026-02-12T01:35:53,2026-02-12T02:40:53,2026-07-25T23:29:53,batch_003,True,dba6a442-f277-460f-bae4-5a546ae9b802,65.51.246.21
0c5a83e6-ace6-4b53-b003-d0265a7239ba,90,,BOLETO,8889.86,BRL,Incidunt totam dolor quasi sint ex.,,Silveira,APROVADA,2026-04-30T02:36:53,2026-04-30T03:46:53,2026-07-25T23:29:53,batch_003,True,6ad03ce7-4564-420e-89bf-e059b242b804,18.82.200.226
