cartao_id,conta_id,numero_cartao_mascarado,bandeira,tipo_cartao,limite_total,limite_disponivel,status_cartao,data_emissao,updated_at,_dataset_name,_source_batch,_source_file,_row_number,cdc_operation,cdc_sequence,cdc_event_at,source_batch,cartao_virtual,tecnologia_contactless,_validation_errors,_is_valid
696,294,**** **** **** 5960,VISA,DEBITO,15548.55,25322.79,CANCELADO,2025-03-27,2026-07-25T23:19:00,cartoes_cdc,batch_002,data\landing\cartoes_cdc\batch_002\cartoes_cdc.csv,77,D,7002,2026-07-25T23:19:00,batch_002,,,duplicidade:cartao_id,False
696,999999,**** **** **** 5960,VISA,DEBITO,15548.55,20063.79,ATIVO,2025-03-27,2026-07-25T23:29:53,cartoes_cdc,batch_003,data\landing\cartoes_cdc\batch_003\cartoes_cdc.csv,16,U,6016,2026-07-25T23:29:53,batch_003,,,duplicidade:cartao_id,False
787,323,**** **** **** 3954,ELO,MULTIPLO,-1000.0,25608.46,ATIVO,2022-12-01,2026-07-25T23:29:53,cartoes_cdc,batch_003,data\landing\cartoes_cdc\batch_003\cartoes_cdc.csv,17,U,6038,2026-07-25T23:29:53,batch_003,,,duplicidade:cartao_id; valor_abaixo_minimo:limite_total,False
352,751,**** **** **** 8459,VISA,MULTIPLO,24787.21,21070.58,INVALIDO,2025-06-28,2026-07-25T23:29:53,cartoes_cdc,batch_003,data\landing\cartoes_cdc\batch_003\cartoes_cdc.csv,18,U,6037,2026-07-25T23:29:53,batch_003,,,dominio_invalido:status_cartao; duplicidade:cartao_id,False
172,1145,,MASTERCARD,CREDITO,45595.53,11635.37,ATIVO,2025-06-22,2026-07-25T23:29:53,cartoes_cdc,batch_003,data\landing\cartoes_cdc\batch_003\cartoes_cdc.csv,19,U,6001,2026-07-25T23:29:53,batch_003,,,campo_obrigatorio_nulo:numero_cartao_mascarado; duplicidade:cartao_id,False
345,520,**** **** **** 8237,VISA,OUTRO,17108.64,16624.44,ATIVO,2022-05-10,2026-07-25T23:29:53,cartoes_cdc,batch_003,data\landing\cartoes_cdc\batch_003\cartoes_cdc.csv,20,U,6049,2026-07-25T23:29:53,batch_003,,,dominio_invalido:tipo_cartao; duplicidade:cartao_id,False
696,294,**** **** **** 5960,VISA,DEBITO,15548.55,20063.79,ATIVO,2025-03-27,2026-07-25T23:29:53,cartoes_cdc,batch_003,data\landing\cartoes_cdc\batch_003\cartoes_cdc.csv,21,U,6016,2026-07-25T23:29:53,batch_003,,,duplicidade:cartao_id,False
787,323,**** **** **** 3954,ELO,MULTIPLO,17970.03,25608.46,ATIVO,2022-12-01,2026-07-25T23:29:53,cartoes_cdc,batch_003,data\landing\cartoes_cdc\batch_003\cartoes_cdc.csv,22,U,6038,2026-07-25T23:29:53,batch_003,,,duplicidade:cartao_id,False
352,751,**** **** **** 8459,VISA,MULTIPLO,24787.21,21070.58,BLOQUEADO,2025-06-28,2026-07-25T23:29:53,cartoes_cdc,batch_003,data\landing\cartoes_cdc\batch_003\cartoes_cdc.csv,23,U,6037,2026-07-25T23:29:53,batch_003,,,duplicidade:cartao_id,False
